99.99999237,959875.75,9.444402695,-2.000000198,1.875847578,209791.6719,640409.0381,-1.54125612
100.0099945,965280.5,9.440493584,-2.000000198,1.876304746,209644.2188,638492.9103,-1.544835668
100.0199966,962983.5625,9.436964989,-2.000000198,1.876788735,209489.4219,635500.9489,-1.54860599
100.0299911,968583.5625,9.434136391,-2.000000198,1.877256989,209325.0469,631807.2551,-1.552990343
100.0399933,966495.875,9.43076992,-2.000000198,1.877664328,209202.4688,627826.7336,-1.557890309
100.0499954,972323.625,9.427247047,-2.000000198,1.877984166,209056.0625,623581.7599,-1.563306089
100.0599899,970475.0625,9.423695564,-2.000000198,1.878181934,208957.0781,619277.6348,-1.569213469
100.0699921,976556.3125,9.419451714,-2.000000198,1.878275037,208747.7031,614458.9893,-1.575783395
100.0799942,974964.875,9.414995193,-2.000000198,1.87828064,208460.2656,609416.9293,-1.583157078
100.0899963,981308.5,9.410125732,-2.000000198,1.878239512,208075.9844,604188.4332,-1.590864677
100.0999908,979971.375,9.405110359,-2.000000198,1.878193259,207587.2813,599004.9163,-1.599043743
100.109993,986561.625,9.400278091,-2.000000198,1.878168702,206933.0313,593867.0371,-1.607836889
100.1199951,985450.3125,9.395903587,-2.000000198,1.878153682,206345.1406,589327.4478,-1.618374916
100.1299896,992246.25,9.391480446,-2.000000198,1.878112793,205710.875,585469.0542,-1.629386055
100.1399918,991308.5625,9.387830734,-2.000000198,1.878014207,205027.1875,582527.8044,-1.640425415
100.1499939,998247.6875,9.384224892,-2.000000198,1.877840281,204305.6406,580480.6338,-1.651284512
100.159996,997410.875,9.382200241,-2.000000198,1.877604365,203488.375,579653.5986,-1.661929059
100.1699905,1004410.938,9.380442619,-2.000000198,1.877338648,202644.5156,579595.0868,-1.672145842
100.1799927,1003584.5,9.379108429,-2.000000198,1.877089143,201723.0156,580402.7241,-1.682057072
100.1899948,1010546.313,9.378780365,-2.000000198,1.876897693,200766.2188,581759.4338,-1.6912465
100.1999969,1009625.25,9.3780756,-2.000000198,1.87677896,199730.2344,583688.6051,-1.699708592
100.2099915,1016439.625,9.376912117,-2.000000198,1.876731396,198591.1563,586005.6915,-1.707500575
100.2199936,1015315.938,9.376389503,-2.000000198,1.876730084,197447.9375,588211.2963,-1.713896002
100.2299957,1021877.625,9.374962807,-2.000000198,1.876744628,196282.2656,590320.8465,-1.718738014
100.2399902,1020453,9.372790337,-2.000000198,1.8767519,195167.3594,592123.1768,-1.722040362
100.2499924,1026671.063,9.370796204,-2.000000198,1.876743674,194017.5,593375.241,-1.723780322
100.2599945,1024865.813,9.367968559,-2.000000198,1.87672019,192976.875,593903.7073,-1.723587151
100.2699966,1030671.438,9.365150452,-2.000000198,1.876700401,191985.8906,593807.774,-1.72030384
100.2799911,1028429.5,9.362238884,-2.000000198,1.876729488,191015.2031,593269.893,-1.714219451
100.2899933,1033778.25,9.358446121,-2.000000198,1.87682569,190102.7188,592349.8525,-1.705256614
100.2999954,1031069.813,9.354990959,-2.000000198,1.876981974,189220.5469,591445.0301,-1.693272253
100.3099899,1035946.938,9.351438522,-2.000000198,1.87716341,188345.5313,590668.2028,-1.678470846
100.3199921,1032773.063,9.34811306,-2.000000198,1.877319336,187540.1563,590676.8863,-1.660778371
100.3299942,1037195.063,9.345127106,-2.000000198,1.877419472,186842.1406,591963.106,-1.640955025
100.3399963,1033588.438,9.34233284,-2.000000198,1.877451062,186225,594372.1499,-1.6195257
100.3499908,1037600.813,9.340024948,-2.000000198,1.877417445,185719.2656,598083.5591,-1.597013935
100.359993,1033619,9.337924004,-2.000000198,1.877337694,185326.2813,603484.1637,-1.574446428
100.3699951,1037287.688,9.336289406,-2.000000198,1.877234697,185109.0313,610153.4306,-1.552461679
100.3799896,1033002.563,9.334691048,-2.000000198,1.877121329,185039.875,617876.6665,-1.531428543
100.3899918,1036403.75,9.333187103,-2.000000198,1.877002478,185081.3438,626450.6601,-1.511802809
100.3999939,1031894.125,9.331689835,-2.000000198,1.876859665,185220.0313,635602.0616,-1.494052514
100.409996,1035107.375,9.331261635,-2.000000198,1.876668453,185443.0625,645230.9838,-1.478150697
100.4199905,1030451.75,9.331488609,-2.000000198,1.87639904,185761.9063,654649.9872,-1.465443384
100.4299927,1033553.125,9.331837654,-2.000000198,1.876035929,186208.1406,663435.9095,-1.455064181
100.4399948,1028822.063,9.333060265,-2.000000198,1.87558794,186750.8594,671535.9986,-1.446992704
100.4499969,1031874.563,9.335780144,-2.000000198,1.87509048,187345.3594,678487.5542,-1.441015481
100.4599915,1027121.188,9.339724541,-2.000000198,1.874593258,187956.6406,683948.8719,-1.436704844
100.4699936,1030167.188,9.34459877,-2.000000198,1.874130964,188546,688092.2246,-1.433575915
100.4799957,1025421.938,9.349876404,-2.000000198,1.873729229,189136.125,690968.5862,-1.431238214
100.4899902,1028481,9.354524612,-2.000000198,1.87338841,189718.375,692622.4411,-1.429326
100.4999924,1023754.063,9.359777451,-2.000000198,1.873094797,190307.4063,693273.1671,-1.427534385
100.5099945,1026828.25,9.364706993,-2.000000198,1.872831821,190811.3438,692772.4911,-1.425531061
100.5199966,1022115.5,9.369479179,-2.000000198,1.87257421,191309.5313,691978.9998,-1.424173169
100.5299911,1025196.625,9.373888016,-2.000000198,1.872321606,191762.3125,691042.5842,-1.423245397
100.5399933,1020486.125,9.377673149,-2.000000198,1.872086883,192184.4063,690160.0229,-1.422730789
100.5499954,1023559.563,9.381401062,-2.000000198,1.871906757,192570.3906,689530.4837,-1.422677188
100.5599899,1018836.063,9.38446331,-2.000000198,1.871817946,192887.1094,688959.7925,-1.423227093
100.5699921,1021887.188,9.387511253,-2.000000198,1.871833324,193288.7813,689332.3369,-1.424177243
100.5799942,1017138.313,9.38984108,-2.000000198,1.871954679,193713.2969,690500.1021,-1.425362338
100.5899963,1020159.938,9.391295433,-2.000000198,1.872167826,194195.6094,692184.8176,-1.426942476
100.5999908,1015385.125,9.392539978,-2.000000198,1.872433186,194767.2344,694413.4965,-1.428998474
100.609993,1018386.063,9.393876076,-2.000000198,1.87270093,195510.2188,697338.5509,-1.430888137
100.6199951,1013603.813,9.394789696,-2.000000198,1.87295568,196160.8438,700492.583,-1.434414303
100.6299896,1016612.875,9.395789146,-2.000000198,1.873198628,196739.8281,704122.4198,-1.439199068
100.6399918,1011860.75,9.396677971,-2.000000198,1.873434424,197342.0625,707572.969,-1.444547357
100.6499939,1014924,9.396333694,-2.000000198,1.873674631,198019.8125,711028.4596,-1.450341215
100.659996,1010254.188,9.395998001,-2.000000198,1.873919487,198786.7031,714402.1605,-1.456724281
100.6699905,1013429.5,9.395441055,-2.000000198,1.874154806,199594.2344,717368.0295,-1.462747969
100.6799927,1008903.063,9.395310402,-2.000000198,1.87434876,200432.6719,719922.027,-1.468575834
100.6899948,1012253.813,9.395401955,-2.000000198,1.874472499,201335.2188,722227.2779,-1.474214232
100.6999969,1007933.125,9.395243645,-2.000000198,1.874504924,202296.3438,724091.214,-1.479682432
100.7099915,1011519.563,9.396122932,-2.000000198,1.874441504,203356.6719,725258.0175,-1.485068705
100.7199936,1007457.875,9.39741993,-2.000000198,1.874291539,204368.0313,725820.312,-1.490136567
100.7299957,1011325.375,9.399226189,-2.000000198,1.87407589,205378.5469,725679.7217,-1.49442533
100.7399902,1007556.188,9.401191711,-2.000000198,1.873833418,206413.9219,724618.5914,-1.49807692
100.7499924,1011724.5,9.403272629,-2.000000198,1.873580456,207339.6875,722569.6133,-1.502414892
100.7599945,1008252.375,9.405187607,-2.000000198,1.873333693,208100.2344,718902.7076,-1.507680328
100.7699966,1012711.438,9.407871246,-2.000000198,1.873089552,208898.6875,714515.5319,-1.512380055
100.7799911,1009510.75,9.410164833,-2.000000198,1.872845173,209622.9063,709166.6013,-1.517123127
100.7899933,1014221.063,9.412290573,-2.000000198,1.872603536,210276.375,702831.8918,-1.521674736
100.7999954,1011239,9.414424896,-2.000000198,1.872379065,210861.7031,695419.4232,-1.526050767
100.8099899,1016136,9.415223122,-2.000000198,1.872202277,211339.6563,686929.6848,-1.530371359
100.8199921,1013298.313,9.414738655,-2.000000198,1.87209475,211748.2031,677893.6271,-1.533323136
100.8299942,1018299.5,9.413698196,-2.000000198,1.872079134,212070.0469,668227.6892,-1.53525339
100.8399963,1015519.25,9.412665367,-2.000000198,1.872156739,212250.9844,658115.2809,-1.536431295
100.8499908,1020536.188,9.411253929,-2.000000198,1.872314215,212407.0938,647751.6099,-1.536347246
100.859993,1017727.75,9.409561157,-2.000000198,1.872542858,212549.3438,637659.1777,-1.534992913
100.8699951,1022679.063,9.408308983,-2.000000198,1.872820258,212703.5469,627614.5328,-1.532369896
100.8799896,1019769.75,9.407771111,-2.000000198,1.873125315,212786.0938,617955.306,-1.528934666
100.8899918,1024592.75,9.407191277,-2.000000198,1.873451948,212861.0938,609264.4833,-1.524133034
100.8999939,1021531.938,9.406734467,-2.000000198,1.873796463,213013.5938,601846.3816,-1.517775943
100.909996,1026188.25,9.406427383,-2.000000198,1.874168634,213278.75,596096.9953,-1.509664581
100.9199905,1022951.5,9.406694412,-2.000000198,1.87458539,213526.7656,591629.6474,-1.502415586
100.9299927,1027430.5,9.407292366,-2.000000198,1.87505877,213753.2813,588679.7094,-1.496032323
100.9399948,1024021.438,9.408396721,-2.000000198,1.875573635,214024.8594,587306.1209,-1.490678407
100.9499969,1028340.938,9.410275459,-2.000000198,1.876097441,214312.9063,587454.3667,-1.486872587
100.9599915,1024791.625,9.412100792,-2.000000198,1.876586795,214623.6875,588609.1676,-1.484883376
100.9699936,1028997.125,9.41445446,-2.000000198,1.87700057,214960,590431.0297,-1.485075034
100.9799957,1025364.5,9.417442322,-2.000000198,1.877296329,215287.0313,592724.7452,-1.487398886
100.9899902,1029521.375,9.420202255,-2.000000198,1.877464652,215537.2344,595579.2219,-1.491586044
100.9999924,1025876.063,9.42285347,-2.000000198,1.877522349,215755.5469,598893.1333,-1.497322797
101.0099945,1030056,9.425609589,-2.000000198,1.877507448,215997.3281,602331.0773,-1.504332095
101.0199966,1026466.125,9.428080559,-2.000000198,1.877458811,216039.3281,605695.4678,-1.512522986
101.0299911,1030731.625,9.431442261,-2.000000198,1.877405882,215889.1094,608611.5103,-1.521564307
101.0399933,1027251.188,9.434502602,-2.000000198,1.877352834,215579.8281,610820.3476,-1.531300054
101.0499954,1031646.938,9.437419891,-2.000000198,1.877289414,215032.75,612254.0429,-1.541475232
101.0599899,1028310.313,9.440720558,-2.000000198,1.877180457,214240.125,612669.1791,-1.552403774
101.0699921,1032860.188,9.44392395,-2.000000198,1.877009869,213265.1875,612450.6223,-1.562578683
101.0799942,1029679.25,9.447076797,-2.000000198,1.876773596,212105.4219,611501.4578,-1.572469221
101.0899963,1034383,9.449930191,-2.000000198,1.876497507,210807.9219,609928.7836,-1.581622567
101.0999908,1031345.563,9.452376366,-2.000000198,1.876229882,209366.625,607766.7938,-1.589556948
101.109993,1036177.625,9.454669952,-2.000000198,1.876035929,207847,605192.8933,-1.596289231
101.1199951,1033246.438,9.457029343,-2.000000198,1.875961423,206275.1563,602709.3472,-1.601971154
101.1299896,1038160.938,9.459773064,-2.000000198,1.876027107,204693.9844,599992.4131,-1.606760189
101.1399918,1035284.438,9.463378906,-2.000000198,1.876214862,203058.6875,597050.0444,-1.610906982
101.1499939,1040227.125,9.466090202,-2.000000198,1.876489878,201416.0156,593781.9277,-1.614509986
101.159996,1037353.5,9.468776703,-2.000000198,1.876797795,199827.8906,590269.3577,-1.617760233
101.1699905,1042277.563,9.471209526,-2.000000198,1.877102613,198271.3438,586185.611,-1.620069416
101.1799927,1039367.813,9.47381115,-2.000000198,1.877384901,196812.4688,581576.4183,-1.621649095
101.1899948,1044242.438,9.476675034,-2.000000198,1.877658248,195438.2031,576395.6459,-1.622321042
101.1999969,1041274.438,9.479013443,-2.000000198,1.877944708,194166.8594,570632.1347,-1.622060952
101.2099915,1046086.688,9.481458664,-2.000000198,1.87827301,192999.1563,564391.7679,-1.620522371
101.2199936,1043056.688,9.483088493,-2.000000198,1.878666759,191938.0313,557441.4296,-1.618112311
101.2299957,1047812.188,9.484129906,-2.000000198,1.879113197,191027.2031,550113.2058,-1.615239915
101.2399902,1044735.188,9.484274864,-2.000000198,1.879565239,190212.4688,542565.9072,-1.612089958
101.2499924,1049459,9.483385086,-2.000000198,1.879959702,189550.7813,535109.9957,-1.608219534
101.2599945,1046369.75,9.480926514,-2.000000198,1.880237937,188998.0938,527776.3988,-1.603425369
101.2699966,1051104.125,9.477279663,-2.000000198,1.880351186,188641.0313,520780.8865,-1.597895815
101.2799911,1048048.875,9.473063469,-2.000000198,1.8802917,188465.1406,514280.8507,-1.591668649
101.2899933,1052840.75,9.468354225,-2.000000198,1.880096793,188431.1875,508494.3386,-1.584971972
101.2999954,1049861.625,9.462726593,-2.000000198,1.87982285,188519.1563,503532.3622,-1.577976194
101.3099899,1054745.5,9.456911087,-2.000000198,1.879525542,188675.4063,499357.3235,-1.570874463
101.3199921,1051866.375,9.450758934,-2.000000198,1.879231691,188866.3594,496211.1541,-1.564237503
101.3299942,1056853.75,9.444383621,-2.000000198,1.87894702,189128.9844,494051.0581,-1.558348952
101.3399963,1054073.375,9.438526154,-2.000000198,1.878656626,189421.6094,492589.2796,-1.55328664
101.3499908,1059151.125,9.434007645,-2.000000198,1.878326774,189670.0156,491679.0325,-1.548987494
101.359993,1056443.75,9.429570198,-2.000000198,1.877930164,190001.3125,491226.3754,-1.546675849
101.3699951,1061574.625,9.425852776,-2.000000198,1.877457976,190313.4688,491167.4114,-1.544738714
101.3799896,1058891.875,9.422375679,-2.000000198,1.876962304,190558.4375,491271.6758,-1.543090776
101.3899918,1064015.625,9.420312881,-2.000000198,1.876509905,190774.5938,491522.4005,-1.541428609
101.3999939,1061287.125,9.418422699,-2.000000198,1.876171827,190915.3594,491762.9505,-1.539347926
101.409996,1066324.75,9.415801048,-2.000000198,1.875990391,191008.3125,492129.4442,-1.53649433
101.4199905,1063468.375,9.414046288,-2.000000198,1.875970125,190979.1719,492498.8064,-1.53254627
101.4299927,1068336.75,9.411275864,-2.000000198,1.876081467,190848.5625,493054.2379,-1.527176493
101.4399948,1065274.5,9.407243729,-2.000000198,1.87627089,190644.7969,494022.2355,-1.520215674
101.4499969,1069905,9.403161049,-2.000000198,1.876482844,190374.6875,495511.2806,-1.51164693
101.4599915,1066581,9.398145676,-2.000000198,1.876681805,190072.5313,497823.1728,-1.501291746
101.4699936,1070931.75,9.391051292,-2.000000198,1.876862645,189732.3125,500812.5285,-1.489598667
101.4799957,1067319.875,9.38312912,-2.000000198,1.877034783,189362.9688,504529.5118,-1.477224173
101.4899902,1071379.375,9.374631882,-2.000000198,1.877223611,188958.0156,509432.9869,-1.46452701
101.4999924,1067483,9.365766525,-2.000000198,1.877446175,188543.0625,515479.767,-1.451209415
101.5099945,1071268.875,9.35532856,-2.000000198,1.877711058,188096.8281,522797.3692,-1.437458686
101.5199966,1067119.75,9.344407082,-2.000000198,1.877982974,187732.2031,531160.5221,-1.423612379
101.5299911,1070676.625,9.334542274,-2.000000198,1.878200531,187450.7188,540362.8734,-1.411149485
101.5399933,1066331.875,9.323401451,-2.000000198,1.878300071,187227.4063,550145.8235,-1.400007411
101.5499954,1069726,9.311594963,-2.000000198,1.878238797,187087.6719,560077.9742,-1.390122486
101.5599899,1065257.75,9.300662994,-2.000000198,1.878017306,187026.3594,570111.9378,-1.38203225
101.5699921,1068564.25,9.289528847,-2.000000198,1.877672076,187116.9375,579554.7033,-1.374618016
101.5799942,1064043.875,9.27810955,-2.000000198,1.877253532,187303.2188,588341.9553,-1.367972519
101.5899963,1067327.125,9.266874313,-2.000000198,1.876812935,187573.5938,596296.0399,-1.362093251
101.5999908,1062809.625,9.256155014,-2.000000198,1.876385927,187939.7969,603309.6549,-1.356613494
101.609993,1066113.125,9.245020866,-2.000000198,1.875985503,188346.4844,609021.9384,-1.350821443
101.6199951,1061629.75,9.234079361,-2.000000198,1.875589371,188816.5156,614099.8246,-1.345551285
101.6299896,1064973.25,9.223355293,-2.000000198,1.875167847,189358.8594,618527.3244,-1.340558283
101.6399918,1060532.125,9.21276474,-2.000000198,1.874694705,189950.7188,622429.9458,-1.335981035
101.6499939,1063911.875,9.201617241,-2.000000198,1.874171376,190604.4219,625973.6288,-1.331858668
101.659996,1059498.25,9.190968513,-2.000000198,1.873630881,191282.0781,629250.7433,-1.327979712
101.6699905,1062888.875,9.180850983,-2.000000198,1.873135805,192082.0938,632958.0641,-1.32495343
101.6799927,1058466.75,9.170954704,-2.000000198,1.872749209,192948.9844,636905.924,-1.323035058
101.6899948,1061823.875,9.161340714,-2.000000198,1.872503996,193953.9063,641597.0591,-1.322324389
101.6999969,1057344.125,9.152550697,-2.000000198,1.872418046,195028.9844,647025.9015,-1.323047189
101.7099915,1060616.875,9.144996643,-2.000000198,1.872484207,196269.8906,653476.9738,-1.325398066
101.7199936,1056032.125,9.138643265,-2.000000198,1.872672915,197440.7969,659591.186,-1.329241623
101.7299957,1059180.5,9.133437157,-2.000000198,1.872940063,198568.125,665607.4512,-1.334633124
101.7399902,1054461.875,9.12896347,-2.000000198,1.873252392,199608.1875,671522.4706,-1.341746313
101.7499924,1057470.375,9.126045227,-2.000000198,1.873582125,200528.5938,677100.7437,-1.350757664
101.7599945,1052617.5,9.124042511,-2.000000198,1.873919129,201373.5781,682271.8874,-1.36140666
101.7699966,1055501.375,9.123169899,-2.000000198,1.874282241,202064.3125,687004.5553,-1.373065138
101.7799911,1050544.625,9.12372303,-2.000000198,1.874690294,202640.1094,691023.7438,-1.385730445
101.7899933,1053348.875,9.126171112,-2.000000198,1.875154138,203081.9219,694364.8577,-1.399036067
101.7999954,1048347,9.129629135,-2.000000198,1.87566483,203379.2656,697110.3341,-1.412444428
101.8099899,1051144.375,9.133995056,-2.000000198,1.876181602,203573.625,699009.8321,-1.426201217
101.8199921,1046181.438,9.139327049,-2.000000198,1.876653075,203620.0313,700302.6036,-1.439019194
101.8299942,1049067,9.145400047,-2.000000198,1.877018571,203572.5938,701188.8351,-1.450664724
101.8399963,1044244.938,9.15157795,-2.000000198,1.87723732,203460.5156,701781.0532,-1.460902784
101.8499908,1047324.563,9.157933235,-2.000000198,1.877297997,203354.9844,702210.255,-1.469249147
101.859993,1042747.188,9.16474247,-2.000000198,1.877219677,203293.2969,702420.9278,-1.475116628
101.8699951,1046119.063,9.171654701,-2.000000198,1.877025485,203206.875,702555.3664,-1.480066959
101.8799896,1041872.063,9.179113388,-2.000000198,1.876764059,203102.125,702731.8161,-1.484282959
101.8899918,1045606.938,9.186203003,-2.000000198,1.876488924,202995.3125,702884.1797,-1.487590119
101.8999939,1041742.063,9.192960739,-2.000000198,1.876224756,202913.2656,702986.3684,-1.489950047
101.909996,1045872.688,9.199371338,-2.000000198,1.875962257,202809.4063,703314.4755,-1.491588927
101.9199905,1042401.688,9.20514679,-2.000000198,1.875668287,202770.9844,703310.3513,-1.492448273
101.9299927,1046920.063,9.210526466,-2.000000198,1.875315666,202764.7813,703090.6145,-1.492612524
101.9399948,1043814.688,9.21487236,-2.000000198,1.87488997,202787.3594,702690.4322,-1.492046691
101.9499969,1048672.75,9.218548775,-2.000000198,1.874408245,202869.0469,701984.0858,-1.490830205
101.9599915,1045865.75,9.222009659,-2.000000198,1.873917103,202975.2344,701143.0534,-1.489388293
101.9699936,1050977.375,9.225208282,-2.000000198,1.873472452,203205.3906,699499.9045,-1.487696172
101.9799957,1048365.063,9.226700783,-2.000000198,1.873133421,203540.5,697013.8431,-1.485944217
101.9899902,1053612.375,9.227833748,-2.000000198,1.87293005,203959.5156,693775.6645,-1.484050775
101.9999924,1051067.5,9.227843285,-2.000000198,1.872860193,204414.25,690262.7442,-1.481865022
102.0099945,1056317.375,9.226833344,-2.000000198,1.87290287,204887.875,686511.7088,-1.479344351
102.0199966,1053708,9.225585938,-2.000000198,1.87302053,205416.2813,683205.018,-1.475707186
102.0299911,1058833,9.222086906,-2.000000198,1.873179078,205940.7813,680267.7244,-1.471559776
102.0399933,1056041.375,9.218607903,-2.000000198,1.873358607,206449.7188,677836.1416,-1.467055043
102.0499954,1060935.625,9.21482563,-2.000000198,1.873564959,206895.7031,676111.1776,-1.462409104
102.0599899,1057871.625,9.210267067,-2.000000198,1.873814821,207213.1406,675121.7035,-1.457932864
102.0699921,1062460.5,9.205281258,-2.000000198,1.874122858,207448.9531,674853.8387,-1.454465722
102.0799942,1059068.625,9.199687004,-2.000000198,1.874486208,207565.75,675323.8881,-1.451899581
102.0899963,1063315.375,9.193598747,-2.000000198,1.874892473,207533.5,676607.5404,-1.450497998
102.0999908,1059579.25,9.18776226,-2.000000198,1.875309348,207332.4375,678537.6163,-1.450517408
102.109993,1063487.5,9.181999207,-2.000000198,1.875693083,206952.5469,680810.3942,-1.451766192
102.1199951,1059430.875,9.175608635,-2.000000198,1.876002908,206395.2344,683185.573,-1.454949592
102.1299896,1063042.5,9.169694901,-2.000000198,1.876211405,205656.1719,685436.1448,-1.459992652
102.1399918,1058722.5,9.163274765,-2.000000198,1.876311779,204737.7656,687352.5479,-1.466545757
102.1499939,1062106.375,9.156859398,-2.000000198,1.876320124,203603.2344,688782.9366,-1.474463733
102.159996,1057599.875,9.150099754,-2.000000198,1.876253963,202238.5938,689484.8947,-1.483657883
102.1699905,1060836.625,9.142850876,-2.000000198,1.876128793,200753.1406,689632.6822,-1.493429442
102.1799927,1056224.625,9.135784149,-2.000000198,1.875953674,199162.6875,689202.6099,-1.503388591
102.1899948,1059392.75,9.129498482,-2.000000198,1.87572372,197488.4531,688344.2706,-1.513125067
102.1999969,1054748.125,9.123247147,-2.000000198,1.875430465,195748.8594,686950.2284,-1.522461782
102.2099915,1057913.25,9.117324829,-2.000000198,1.875064611,193986,684928.6586,-1.531241465
102.2199936,1053291.75,9.112196922,-2.000000198,1.874623775,192215.6563,682662.4606,-1.538883506
102.2299957,1056497.75,9.107585907,-2.000000198,1.874123454,190522.7188,680244.9406,-1.545058207
102.2399902,1051929.5,9.104103088,-2.000000198,1.873593569,188940.8438,677665.8017,-1.549909181
102.2499924,1055192.25,9.101531982,-2.000000198,1.873074651,187525,674858.3629,-1.553362746
102.2599945,1050678.75,9.100049973,-2.000000198,1.872598886,186418.1406,671890.9611,-1.555319765
102.2699966,1053985.25,9.099752426,-2.000000198,1.872196794,185314.125,668457.2416,-1.556924607
102.2799911,1049500.875,9.100494385,-2.000000198,1.871877432,184267.8438,664684.4446,-1.557617254
102.2899933,1052816.5,9.101477623,-2.000000198,1.871635556,183316.125,660517.4302,-1.557803101
102.2999954,1048319.938,9.103205681,-2.000000198,1.87145412,182492.0156,656056.4203,-1.557796154
102.3099899,1051598.5,9.10436821,-2.000000198,1.87132144,181737.5469,651010.0343,-1.557729246
102.3199921,1047043.375,9.104389191,-2.000000198,1.871238589,181077.5156,645403.6296,-1.558201746
102.3299942,1050240,9.104266167,-2.000000198,1.871216416,180506.5469,639216.9488,-1.559253271
102.3399963,1045585.813,9.102861404,-2.000000198,1.871266603,180009.6094,632340.8445,-1.560948817
102.3499908,1048665.875,9.099978447,-2.000000198,1.871402502,179571.2344,624814.1157,-1.563317228
102.359993,1043887.063,9.096673965,-2.000000198,1.871628523,179133.9844,616422.601,-1.566552841
102.3699951,1046835.188,9.092289925,-2.000000198,1.871919751,178789.9531,607744.5923,-1.569849508
102.3799896,1041928.75,9.086828232,-2.000000198,1.872234106,178481.3281,598990.3092,-1.573275261
102.3899918,1044756.188,9.081237793,-2.000000198,1.872534394,178196.375,590128.4648,-1.576870118
102.3999939,1039746.938,9.076371193,-2.000000198,1.872792125,177891.6719,581642.7833,-1.580591713
102.409996,1042491.375,9.072101593,-2.000000198,1.87298429,177539.3594,573884.3248,-1.584428786
102.4199905,1037427.813,9.067921638,-2.000000198,1.873095155,177263.7656,566215.404,-1.587562123
102.4299927,1040147.375,9.063828468,-2.000000198,1.873114109,177006.8281,558947.6033,-1.590314765
102.4399948,1035093.25,9.0610075,-2.000000198,1.873044372,176751.1875,552271.4195,-1.592787241
102.4499969,1037853.875,9.058327675,-2.000000198,1.872888923,176515.9844,546052.9207,-1.594596958
102.4599915,1032873.438,9.055374146,-2.000000198,1.872657299,176277.4063,540422.3416,-1.595855367
102.4699936,1035735.875,9.052237511,-2.000000198,1.872348428,176150.25,535613.3169,-1.595789036
102.4799957,1030881.938,9.048830986,-2.000000198,1.871965528,176108.4688,531375.0687,-1.595592826
102.4899902,1033889.688,9.04500103,-2.000000198,1.871515155,176097.7813,527982.6728,-1.593863809
102.4999924,1029193.563,9.040099144,-2.000000198,1.871012688,176133.2656,525428.0193,-1.590886901
102.5099945,1032364.25,9.034510612,-2.000000198,1.870464444,176337.9219,524053.3699,-1.58648573
102.5199966,1027828.375,9.027536392,-2.000000198,1.869877696,176504.2031,522859.2347,-1.580686833
102.5299911,1031148.875,9.020219803,-2.000000198,1.869269252,176695.625,522124.4039,-1.573122596
102.5399933,1026744.75,9.011619568,-2.000000198,1.868659496,176888.4219,521727.9321,-1.563945771
102.5499954,1030171,9.002621651,-2.000000198,1.868079901,177065.4219,521691.243,-1.553122551
102.5599899,1025840,8.993042946,-2.000000198,1.867571235,177319.0156,522166.1914,-1.540421434
102.5699921,1029302,8.9828825,-2.000000198,1.867159247,177559.9219,523246.7659,-1.526138891
102.5799942,1024965.313,8.973258018,-2.000000198,1.866860509,177802.625,525143.2133,-1.510347423
102.5899963,1028378.063,8.964160919,-2.000000198,1.866666675,178064.5,527893.2108,-1.493359371
102.5999908,1023949.875,8.954985619,-2.000000198,1.866555214,178380.9063,531504.4542,-1.475356041
102.609993,1027230.125,8.94538784,-2.000000198,1.866507769,178792.9688,535845.0781,-1.456297723
102.6199951,1022633.688,8.937066078,-2.000000198,1.866494417,179216.1875,541576.1257,-1.436802626
102.6299896,1025712.875,8.929758072,-2.000000198,1.866507292,179652.2813,548623.6504,-1.417471399
102.6399918,1020891.188,8.922944069,-2.000000198,1.866545916,180149.5625,556749.0036,-1.398405632
102.6499939,1023724.563,8.915801048,-2.000000198,1.866614223,180679.9688,566213.4154,-1.380286482
102.659996,1018646.875,8.909252167,-2.000000198,1.866719604,181184.8438,577140.6914,-1.363187449
102.6699905,1021217.438,8.903576851,-2.000000198,1.8668648,181761.875,588694.6554,-1.347685887
102.6799927,1015881.625,8.898034096,-2.000000198,1.867039323,182327.4531,600738.933,-1.334206266
102.6899948,1018202,8.892189026,-2.000000198,1.86721468,182870.3438,612971.6194,-1.322525102
102.6999969,1012635.563,8.885812759,-2.000000198,1.867353082,183420.8906,625051.6529,-1.312707972
102.7099915,1014746.563,8.879930496,-2.000000198,1.867430329,183885.0469,636873.0648,-1.30495542
102.7199936,1009002.188,8.874000549,-2.000000198,1.867416859,184438.9375,647801.5348,-1.298572314
102.7299957,1010965.563,8.867793083,-2.000000198,1.867298841,185064.4531,657827.5316,-1.293717288
102.7399902,1005111,8.861509323,-2.000000198,1.867078066,185733.8281,667020.7699,-1.290473815
102.7499924,1006997.25,8.855056763,-2.000000198,1.866779447,186426.8281,675433.3619,-1.288499624
102.7599945,1001101.5,8.848358154,-2.000000198,1.866433263,187031.6719,683078.3237,-1.287454179
102.7699966,1002975.813,8.841655731,-2.000000198,1.866050959,187750.5,690398.2303,-1.287475455
102.7799911,997097.25,8.835252762,-2.000000198,1.865638018,188551.0781,697504.0712,-1.288125137
102.7899933,999009.75,8.82933712,-2.000000198,1.865203261,189380.125,704399.8205,-1.28939125
102.7999954,993187.9375,8.823848724,-2.000000198,1.864756107,190195.2344,711220.2778,-1.291353427
102.8099899,995168,8.819857597,-2.000000198,1.864289284,191140.4844,718443.7014,-1.292647977
102.8199921,989421.625,8.817042351,-2.000000198,1.863829613,192054.1563,725581.0216,-1.294966224
102.8299942,991476.4375,8.815146446,-2.000000198,1.86338079,193086.9375,732657.4538,-1.297012739
102.8399963,985801.9375,8.813882828,-2.000000198,1.862971902,194092.9063,739895.8269,-1.299646633
102.8499908,987918.4375,8.814890862,-2.000000198,1.86263442,195016.0156,747078.7298,-1.302805533
102.859993,982294.375,8.816455841,-2.000000198,1.86243093,195871.2969,754512.9558,-1.307016202
102.8699951,984445.4375,8.818703651,-2.000000198,1.86235702,196498.5469,761675.9121,-1.312321721
102.8799896,978842.625,8.821454048,-2.000000198,1.862435818,196982.5313,768647.0359,-1.318243529
102.8899918,980999.8125,8.82465744,-2.000000198,1.862656593,197334.0156,775360.9994,-1.324634803
102.8999939,975394.6875,8.82839489,-2.000000198,1.862991571,197574.8906,781652.9007,-1.331232482
102.909996,977542.3125,8.832170486,-2.000000198,1.863399625,197646.6563,787127.4363,-1.337753755
102.9199905,971930.75,8.835343361,-2.000000198,1.863832593,197545.5938,791919.1624,-1.34396306
102.9299927,974078.25,8.837882042,-2.000000198,1.864279151,197360.9844,796026.4742,-1.350069727
102.9399948,968482.8125,8.840392113,-2.000000198,1.864732027,197074.5,799387.8686,-1.356033301
102.9499969,970666.1875,8.842528343,-2.000000198,1.865197062,196699.0938,802042.3863,-1.361789669
102.9599915,965135.375,8.844255447,-2.000000198,1.865685344,196187.5781,803846.612,-1.367390225
102.9699936,967415.375,8.845259666,-2.000000198,1.86619103,195615.8906,805135.3322,-1.37277552
102.9799957,962019.0625,8.846311569,-2.000000198,1.86668539,194928.9063,805827.164,-1.378232435
102.9899902,964474.8125,8.847119331,-2.000000198,1.867123365,194016.3125,805781.8328,-1.384730947
102.9999924,959298.25,8.847436905,-2.000000198,1.867459178,193095.0625,805265.1341,-1.390932366
103.0099945,962018.4375,8.84784317,-2.000000198,1.86765933,192093.0469,804201.7382,-1.397712859
103.0199966,957149.5,8.84747982,-2.000000198,1.867717505,191204.9063,802828.2503,-1.403449759
103.0299911,960218.875,8.84632206,-2.000000198,1.867627382,190363.3438,801286.5149,-1.40882592
103.0399933,955731.5625,8.845144272,-2.000000198,1.867407203,189542.7656,799437.7312,-1.414212966
103.0499954,959211.5625,8.843925476,-2.000000198,1.867087841,188793.2031,797349.2811,-1.41928064
103.0599899,955149.25,8.842114449,-2.000000198,1.866716862,188050.6094,795165.0519,-1.423599528
103.0699921,959063.1875,8.840578079,-2.000000198,1.866327763,187420.7188,792992.4215,-1.427669524
103.0799942,955426.5625,8.839382172,-2.000000198,1.865918756,186913.7813,790743.1293,-1.431519363
103.0899963,959753.3125,8.838194847,-2.000000198,1.865477681,186553.0156,788397.988,-1.435442113
103.0999908,956497.875,8.836957932,-2.000000198,1.865018487,186365.6094,785726.9933,-1.439438505
103.109993,961171.5,8.835399628,-2.000000198,1.864531636,186337.2969,782556.5721,-1.443412488
103.1199951,958211.5,8.834422112,-2.000000198,1.864037752,186388.6875,779344.2512,-1.447659314
103.1299896,963126.75,8.833169937,-2.000000198,1.863554001,186528.6563,776213.9769,-1.451833199
103.1399918,960340.75,8.831383705,-2.000000198,1.863118172,186787.5625,773212.0375,-1.455736773
103.1499939,965362.125,8.829425812,-2.000000198,1.862779856,187100.0938,770314.4803,-1.459630084
103.159996,962604.875,8.827477455,-2.000000198,1.862566233,187418.7656,767922.0993,-1.463585368
103.1699905,967580.9375,8.82530117,-2.000000198,1.86250186,187688.8438,765717.4037,-1.467931445
103.1799927,964701.75,8.822990417,-2.000000198,1.862579465,187860.2031,763854.0777,-1.472639083
103.1899948,969486.0625,8.820589066,-2.000000198,1.862767339,187916.4063,762251.0625,-1.477702318
103.1999969,966350.375,8.817218781,-2.000000198,1.863022566,187854.9219,760920.7668,-1.483092022
103.2099915,970822.4375,8.81294632,-2.000000198,1.863308668,187656.9844,759997.315,-1.48873998
103.2199936,967329.8125,8.807695389,-2.000000198,1.863607764,187284.1875,759406.7134,-1.494868587
103.2299957,971409.6875,8.801909447,-2.000000198,1.863919139,186728.3906,759109.4965,-1.501371666
103.2399902,967503.3125,8.795331955,-2.000000198,1.864248037,185999.4531,758965.4852,-1.508149943
103.2499924,971156.75,8.787536621,-2.000000198,1.864600897,185056.9844,758792.4712,-1.515136983
103.2599945,966825.6875,8.779484749,-2.000000198,1.864976406,183882.9688,758577.4364,-1.522142894
103.2699966,970063.8125,8.772273064,-2.000000198,1.865361571,182526.0781,758072.3454,-1.529205244
103.2799911,965341.6875,8.765037537,-2.000000198,1.865723014,180995.7031,757102.9069,-1.536122555
103.2899933,968218.5625,8.757722855,-2.000000198,1.866012335,179315.5156,755665.2312,-1.542631997
103.2999954,963177.5625,8.750131607,-2.000000198,1.86618197,177484.1406,753622.3616,-1.548400487
103.3099899,965779.8125,8.743047714,-2.000000198,1.866203547,175525.2813,750695.28,-1.553247304
103.3199921,960517.375,8.73583889,-2.000000198,1.866066456,173551.9219,747295.8885,-1.557096647
103.3299942,962948.5,8.729258537,-2.000000198,1.86578393,171566.2969,743355.4559,-1.560170874
103.3399963,957567.8125,8.724611282,-2.000000198,1.865383983,169643.9219,738941.1626,-1.562180665
103.3499908,959926.5,8.720684052,-2.000000198,1.864904404,167872.2188,734406.6872,-1.56248924
103.359993,954517.3125,8.71787262,-2.000000198,1.864377856,166319.6094,729984.3104,-1.560995436
103.3699951,956881,8.716578484,-2.000000198,1.86382091,164844.9063,724811.5996,-1.558924815
103.3799896,951506,8.716662407,-2.000000198,1.86323452,163485.8906,719082.2811,-1.556391807
103.3899918,953921.3125,8.71662426,-2.000000198,1.862612724,162214.7969,713167.8903,-1.553630807
103.3999939,948610.25,8.71709156,-2.000000198,1.861953259,161069.4531,707134.1497,-1.55092369
103.409996,951089.8125,8.717853546,-2.000000198,1.861268878,160120.4531,700688.7041,-1.548451578
103.4199905,945838.625,8.718594551,-2.000000198,1.860574722,159324.3125,694338.9654,-1.546272938
103.4299927,948361.75,8.719050407,-2.000000198,1.859926939,158703.4531,687736.6595,-1.54486291
103.4399948,943134.6875,8.71938324,-2.000000198,1.859377503,158190.75,680566.6022,-1.544826497
103.4499969,945652.6875,8.720486641,-2.000000198,1.85897696,157850.2656,673224.2214,-1.54598607
103.4599915,940392.4375,8.720069885,-2.000000198,1.858740449,157690.2656,665846.377,-1.548926279
103.4699936,942842.625,8.720466614,-2.000000198,1.858654022,157755.9063,658345.9191,-1.551789685
103.4799957,937486.75,8.720123291,-2.000000198,1.858685732,157973.9219,650807.1204,-1.555292018
103.4899902,939811.4375,8.720053673,-2.000000198,1.858787656,158352.8438,643281.1112,-1.559119639
103.4999924,934311.6875,8.720615387,-2.000000198,1.858918548,158847.1406,635937.5057,-1.563285565
103.5099945,936474.4375,8.720326424,-2.000000198,1.859068274,159428.375,629095.5849,-1.567699888
103.5199966,930808.4375,8.720371246,-2.000000198,1.859246612,160146.2656,622491.4007,-1.572460714
103.5299911,932801.375,8.720257759,-2.000000198,1.859476924,160992.2188,616362.469,-1.576886297
103.5399933,926976.875,8.721069336,-2.000000198,1.859772682,161917.5313,611002.6569,-1.580869052
103.5499954,928823.875,8.721455574,-2.000000198,1.860126972,162833.8281,606119.3817,-1.584572407
103.5599899,922880.1875,8.722311974,-2.000000198,1.860501289,163730.3125,601871.4537,-1.587919305
103.5699921,924636.375,8.724092484,-2.000000198,1.860852957,164555.625,598367.3209,-1.591010159
103.5799942,918642.6875,8.726399422,-2.000000198,1.86112237,165349.2656,595695.3439,-1.593676051
103.5899963,920390.5625,8.728415489,-2.000000198,1.86126864,166061.2813,593639.8788,-1.595825083
103.5999908,914438.0625,8.730847359,-2.000000198,1.861272335,166761.1563,592502.5407,-1.59809882
103.609993,916274.5625,8.733250618,-2.000000198,1.861130118,167476.8594,591740.7499,-1.601168814
103.6199951,910460,8.734712601,-2.000000198,1.860890269,168028.3906,592075.1266,-1.602322304
103.6299896,912478.3125,8.737074852,-2.000000198,1.860593438,168449.7969,593291.8406,-1.602459156
103.6399918,906885.375,8.739244461,-2.000000198,1.860262156,168764.8281,594956.743,-1.601709473
103.6499939,909158,8.741588593,-2.000000198,1.859897137,169011.6875,597301.0362,-1.599983447
103.659996,903844.5,8.743393898,-2.000000198,1.859487176,169191,600369.247,-1.596848216
103.6699905,906414.125,8.745588303,-2.000000198,1.859007239,169307,603769.6691,-1.593008353
103.6799927,901404.5625,8.748006821,-2.000000198,1.858443618,169362.8438,607523.1136,-1.588378194
103.6899948,904277.875,8.749801636,-2.000000198,1.85780704,169382.1719,611693.7217,-1.583029524
103.6999969,899558.8125,8.751608849,-2.000000198,1.857133985,169359.7031,616267.8488,-1.577159563
103.7099915,902702.6875,8.753664017,-2.000000198,1.856465101,169386.1094,621384.5787,-1.570544181
103.7199936,898221.25,8.755405426,-2.000000198,1.855858088,169418.2969,626667.2868,-1.564104269
103.7299957,901563.75,8.757439613,-2.000000198,1.85535419,169516.3281,632107.3497,-1.557342644
103.7399902,897232.25,8.76003933,-2.000000198,1.8549788,169617.1875,637716.3752,-1.549964427
103.7499924,900673.5,8.762636185,-2.000000198,1.854741335,169679.5625,643338.5118,-1.541761625
103.7599945,896384.625,8.765233994,-2.000000198,1.854621053,169681.7656,649026.9707,-1.532695925
103.7699966,899813.8125,8.767838478,-2.000000198,1.854578972,169828.75,655123.9909,-1.523517349
103.7799911,895459.75,8.770309448,-2.000000198,1.854565382,170027.4688,661713.7796,-1.514140341
103.7899933,898774.3125,8.773495674,-2.000000198,1.854554534,170298.4063,668347.6692,-1.504804857
103.7999954,894261.5625,8.776489258,-2.000000198,1.854556441,170625.4688,674899.5901,-1.49583685
103.8099899,897378.6875,8.779359818,-2.000000198,1.854618788,170951.3125,681755.7156,-1.487280521
103.8199921,892637.25,8.782705307,-2.000000198,1.854765534,171349.3438,687960.5495,-1.479057726
103.8299942,895500.5625,8.787033081,-2.000000198,1.855022788,171762.2813,693834.9224,-1.471567481
103.8399963,890490.875,8.791538239,-2.000000198,1.855386138,172222.4375,699320.735,-1.464645124
103.8499908,893077.8125,8.795442581,-2.000000198,1.855809927,172713.375,704484.4357,-1.458336796
103.859993,887796.9375,8.798294067,-2.000000198,1.856224775,173167.7969,708986.2902,-1.45225058
103.8699951,890124.75,8.801179886,-2.000000198,1.856539488,173667.9688,713569.7666,-1.447468083
103.8799896,884608.9375,8.803562164,-2.000000198,1.856703877,174171.0156,718125.7997,-1.443827629
103.8899918,886730.25,8.805316925,-2.000000198,1.85670495,174699.7344,722888.4424,-1.441244926
103.8999939,881044.9375,8.807477951,-2.000000198,1.856573343,175231.7031,727852.7358,-1.439762697
103.909996,883032.4375,8.809099197,-2.000000198,1.856363773,175765.7969,733028.4522,-1.439421832
103.9199905,877253.5625,8.810308456,-2.000000198,1.85613668,176306.6406,738217.7815,-1.440341839
103.9299927,879182.5625,8.811648369,-2.000000198,1.855932951,176833.875,743570.9538,-1.442028369
103.9399948,873381.3125,8.812731743,-2.000000198,1.855750561,177288.4375,748932.5342,-1.444386161
103.9499969,875318.25,8.812041283,-2.000000198,1.855561852,177684.25,754221.7358,-1.44770265
103.9599915,869554.6875,8.810927391,-2.000000198,1.855311513,178023.3438,759577.2612,-1.452027472
103.9699936,871552.9375,8.809406281,-2.000000198,1.854954243,178272.1719,765153.0245,-1.456982916
103.9799957,865871.625,8.80850029,-2.000000198,1.854492307,178439.5469,770879.5538,-1.462823236
103.9899902,867965.75,8.807580948,-2.000000198,1.853966117,178496.2188,776698.9966,-1.469506441
103.9999924,862389,8.806283951,-2.000000198,1.853440046,178443.5625,782526.7956,-1.476834505
104.0099945,864587.625,8.805070877,-2.000000198,1.85299933,178284.0156,788229.8981,-1.484936881
104.0199966,859111.3125,8.803668022,-2.000000198,1.852703691,178113.2344,793780.1324,-1.492897488
104.0299911,861398.5625,8.802026749,-2.000000198,1.85257709,177905.9375,799000.6754,-1.500661022
104.0399933,855997.6875,8.800725937,-2.000000198,1.852591395,177643.0313,803836.0722,-1.508239968
104.0499954,858344.1875,8.799399376,-2.000000198,1.852693677,177339.7969,808202.6528,-1.515562568
104.0599899,852988.5625,8.797605515,-2.000000198,1.852822423,176993.4063,812061.8555,-1.522541444
104.0699921,855366.4375,8.797018051,-2.000000198,1.852937937,176598.8594,815367.9567,-1.528703394
104.0799942,850033.6875,8.796352386,-2.000000198,1.853033543,176235.5625,818024.6686,-1.53401835
104.0899963,852425.875,8.796025276,-2.000000198,1.853140593,175939.7969,820204.0647,-1.538270869
104.0999908,847104.9375,8.79599762,-2.000000198,1.853317022,175716.5469,821711.413,-1.541148845
104.109993,849506.875,8.795881271,-2.000000198,1.853613853,175560.8281,822847.4994,-1.542495875
104.1199951,844200.4375,8.796240807,-2.000000198,1.854032516,175387.6094,823130.6156,-1.543315836
104.1299896,846624.0625,8.797338486,-2.000000198,1.85454905,175250.625,822735.7089,-1.543268275
104.1399918,841353.9375,8.798955917,-2.000000198,1.855103374,175117.7813,821677.9985,-1.542257579
104.1499939,843832.9375,8.801074028,-2.000000198,1.855624914,175038.6406,820109.4826,-1.540161631
104.159996,838644.125,8.803708076,-2.000000198,1.85607934,174999.8281,817955.7829,-1.536896105
104.1699905,841234.875,8.805752754,-2.000000198,1.856398821,175055.6875,815555.2623,-1.532819079
104.1799927,836191.8125,8.807683945,-2.000000198,1.856605887,175227.4219,812899.1221,-1.528022387
104.1899948,838963.9375,8.809282303,-2.000000198,1.856718421,175455.0938,809963.0426,-1.52258793
104.1999969,834137,8.809677124,-2.000000198,1.856771231,175775.7344,806840.2188,-1.516758995
104.2099915,837158.5625,8.809864998,-2.000000198,1.856857181,176186.7188,803477.2619,-1.510906094
104.2199936,832609,8.810080528,-2.000000198,1.856905699,176678.1094,800133.7161,-1.504900532
104.2299957,835935,8.809632301,-2.000000198,1.856929302,177231.2813,796611.4757,-1.498985357
104.2399902,831707.4375,8.808159828,-2.000000198,1.856865883,177814.4375,792864.1594,-1.493388001
104.2499924,835372.125,8.807013512,-2.000000198,1.85666883,178358.1406,789442.3037,-1.487870633
104.2599945,831488.25,8.806114197,-2.000000198,1.8563416,178945.6719,786419.1831,-1.482725214
104.2699966,835498.75,8.805274963,-2.000000198,1.855906487,179448.3906,784019.7279,-1.477767946
104.2799911,831947.9375,8.803193092,-2.000000198,1.855432272,179895.3281,782272.257,-1.473496515
104.2899933,836275.3125,8.8015728,-2.000000198,1.854999542,180283.375,781260.1002,-1.470180296
104.2999954,833009.1875,8.799816132,-2.000000198,1.854676723,180592.7188,781034.5575,-1.468075778
104.3099899,837586.75,8.797350883,-2.000000198,1.854494691,180779.4219,781548.8497,-1.467472341
104.3199921,834523.9375,8.795455933,-2.000000198,1.854430199,180900.0625,782972.87,-1.467862745
104.3299942,839259.0625,8.794099808,-2.000000198,1.854442596,180923.3438,785157.9934,-1.469310667
104.3399963,836300.625,8.792460442,-2.000000198,1.854478121,180813.8594,788153.5782,-1.472033605
104.3499908,841091.375,8.792373657,-2.000000198,1.854504943,180619.8281,791719.8999,-1.475910779
104.359993,838136.5625,8.793381691,-2.000000198,1.854547024,180383.9063,795973.7586,-1.480606082
104.3699951,842884.875,8.794862747,-2.000000198,1.854622364,180144.2031,800147.8115,-1.485923502
104.3799896,839841.1875,8.796685219,-2.000000198,1.854761243,179839.4375,803833.3609,-1.4920759
104.3899918,844460.625,8.798406601,-2.000000198,1.854984283,179423.875,806815.5761,-1.499055484
104.3999939,841251.875,8.801207542,-2.000000198,1.855312109,178890.0625,808876.925,-1.506673242
104.409996,845677.3125,8.804154396,-2.000000198,1.855731368,178267.8594,809694.1933,-1.514563115
104.4199905,842252.4375,8.80755043,-2.000000198,1.856194496,177572.9219,809372.4845,-1.522610672
104.4299927,846448.5625,8.81108284,-2.000000198,1.856647134,176819.7969,807740.7651,-1.530596057
104.4399948,842790.3125,8.814754486,-2.000000198,1.857042789,176033.9063,804796.3788,-1.538260841
104.4499969,846757,8.818263054,-2.000000198,1.857354045,175206.9531,800354.4018,-1.545439126
104.4599915,842881,8.822047234,-2.000000198,1.85757041,174326.5156,794528.8597,-1.551375894
104.4699936,846647.3125,8.824543953,-2.000000198,1.857706785,173432.7344,787422.1004,-1.556406652
104.4799957,842593.875,8.826454163,-2.000000198,1.857784271,172559.7344,779355.4354,-1.560367586
104.4899902,846207.5,8.829169273,-2.000000198,1.857829094,171731.4375,770480.7277,-1.56338894
104.4999924,842028.9375,8.831147194,-2.000000198,1.857852936,170971.6094,761016.5677,-1.565381619
104.5099945,845544.4375,8.83302784,-2.000000198,1.85785079,170218.1406,751570.2631,-1.566391015
104.5199966,841296.0625,8.835136414,-2.000000198,1.857802987,169574.6406,741876.732,-1.566417179
104.5299911,844767.375,8.837461472,-2.000000198,1.857676983,169049.1563,732109.7101,-1.565409379
104.5399933,840499.25,8.840965271,-2.000000198,1.857450962,168641.3125,722361.5262,-1.563446946
104.5499954,843971.625,8.844798088,-2.000000198,1.857124925,168386.4531,713199.5372,-1.560564376
104.5599899,839721.375,8.849494934,-2.000000198,1.856734633,168361.6719,704381.8093,-1.557097847
104.5699921,843222.875,8.854633331,-2.000000198,1.856330752,168482.2344,696273.4536,-1.553071669
104.5799942,839007.1875,8.859642982,-2.000000198,1.855971813,168773.2969,688746.0404,-1.548862991
104.5899963,842542.0625,8.86504364,-2.000000198,1.855703235,169215.875,681794.1266,-1.544542853
104.5999908,838354.9375,8.869974136,-2.000000198,1.855540752,169773.5,675262.9462,-1.54027209
104.609993,841908.1875,8.873311043,-2.000000198,1.855467796,170434.7813,669231.1348,-1.536708492
104.6199951,837727.9375,8.875711441,-2.000000198,1.85545218,171185.0156,663410.0205,-1.533390637
104.6299896,841274.5,8.877857208,-2.000000198,1.85545814,172005.3906,657840.9001,-1.530530304
104.6399918,837075.3125,8.879133224,-2.000000198,1.855460405,172882.75,652343.0306,-1.528275043
104.6499939,840589.875,8.880199432,-2.000000198,1.855463982,173820.5469,646894.6189,-1.526596301
104.659996,836349.0625,8.880121231,-2.000000198,1.855499625,174838.8906,641145.5005,-1.525165197
104.6699905,839811.5,8.880358696,-2.000000198,1.855595827,175957.625,635758.2101,-1.524139962
104.6799927,835513.4375,8.881165504,-2.000000198,1.855779767,177067.9844,630603.7673,-1.523783615
104.6899948,838913.4375,8.881198883,-2.000000198,1.856060743,178239.8125,625329.9668,-1.523627911
104.6999969,834554.375,8.881997108,-2.000000198,1.856429935,179347.0313,620240.51,-1.524117279
104.7099915,837896.9375,8.883197784,-2.000000198,1.856842875,180385.2969,614949.9389,-1.524888157
104.7199936,833492.125,8.884586334,-2.000000198,1.857249141,181264.1563,610068.6873,-1.526448365
104.7299957,836804.0625,8.886182785,-2.000000198,1.857592344,182125.7031,605517.5682,-1.529457228
104.7399902,832390.0625,8.888607979,-2.000000198,1.857850432,182861.5469,601293.1334,-1.532603014
104.7499924,835717.0625,8.891508102,-2.000000198,1.858035684,183384.6406,597396.8752,-1.535802881
104.7599945,831346.375,8.8947258,-2.000000198,1.858163238,183836.4219,594322.1492,-1.538398095
104.7699966,834744.9375,8.898497581,-2.000000198,1.858267188,184069.0469,591728.0091,-1.540641528
104.7799911,830474.875,8.902554512,-2.000000198,1.858363748,184138.3281,589703.8286,-1.542299003
104.7899933,834001.75,8.906308174,-2.000000198,1.858480811,184015.0313,588224.7103,-1.543522516
104.7999954,829886.125,8.909154892,-2.000000198,1.858629227,183644.6875,586767.1804,-1.544531793
104.8099899,833592.625,8.912222862,-2.000000198,1.858763695,183220.0313,586620.4129,-1.544404733
104.8199921,829677.3125,8.915083885,-2.000000198,1.858828068,182695,587136.6357,-1.54343301
104.8299942,833604.9375,8.917121887,-2.000000198,1.85877943,182145.4688,588437.5242,-1.541287828
104.8399963,829924.75,8.919347763,-2.000000198,1.858613372,181568.1719,590631.4695,-1.537999326
104.8499908,834099.75,8.921658516,-2.000000198,1.858360648,181024.7656,593843.4856,-1.533891259
104.859993,830669.125,8.923469543,-2.000000198,1.858073354,180643.5156,598438.5238,-1.528661091
104.8699951,835093.5,8.924734116,-2.000000198,1.857818484,180201.3281,603546.6201,-1.522007263
104.8799896,831900.0625,8.925557137,-2.000000198,1.857657552,179769.5469,609646.5739,-1.51420157
104.8899918,836548.125,8.926236153,-2.000000198,1.857579947,179361.1094,616783.2308,-1.505489634
104.8999939,833554.125,8.92735672,-2.000000198,1.857551336,179011.6094,624777.3091,-1.496296264
104.909996,838378.3125,8.927746773,-2.000000198,1.857534289,178639.625,634263.1118,-1.486130698
104.9199905,835529.5625,8.928945541,-2.000000198,1.85744822,178375.3594,643808.5275,-1.476857864
104.9299927,840470.125,8.931111336,-2.000000198,1.857278466,178197.0938,653514.9598,-1.468159769
104.9399948,837702.125,8.933052063,-2.000000198,1.857047081,178117.3906,663348.5411,-1.459756135
104.9499969,842689.9375,8.935328484,-2.000000198,1.85680747,178130.8281,673182.8413,-1.452040778
104.9599915,839929.75,8.937447548,-2.000000198,1.856651425,178150.5781,682636.7337,-1.444979956
104.9699936,844887.8125,8.939996719,-2.000000198,1.856624246,178353.7969,691904.4757,-1.438464412
104.9799957,842057.375,8.942681313,-2.000000198,1.856736302,178705.4375,700741.6337,-1.432534335
104.9899902,846908.75,8.945601463,-2.000000198,1.856940627,179206.4688,709254.9512,-1.427123059
104.9999924,843937.1875,8.948784828,-2.000000198,1.857155561,179801.0469,717433.2063,-1.422258502
105.0099945,848618.5625,8.951756477,-2.000000198,1.857342958,180366.2656,724892.972,-1.417911004
105.0199966,845453.5,8.954081535,-2.000000198,1.85744524,181021.8594,732374.2694,-1.414208282
105.0299911,849923.1875,8.956913948,-2.000000198,1.857463479,181733.375,739599.6867,-1.411057686
105.0399933,846533.9375,8.960186005,-2.000000198,1.85744369,182460.7813,746554.863,-1.408394264
105.0499954,850769.75,8.962999344,-2.000000198,1.85743463,183217.1094,753124.8525,-1.406225605
105.0599899,847142.3125,8.965935707,-2.000000198,1.857502222,183947.7813,759393.487,-1.404545165
105.0699921,851137.8125,8.969343185,-2.000000198,1.857659817,184639.0156,765496.4163,-1.403070139
105.0799942,847273.875,8.972859383,-2.000000198,1.857907772,185289.3438,771341.2181,-1.401691857
105.0899963,851039.5625,8.977165222,-2.000000198,1.858190894,185866.8281,777005.8992,-1.400591742
105.0999908,846959.625,8.981817245,-2.000000198,1.858431458,186347.8438,782602.4966,-1.399766782
105.109993,850526.0625,8.986714363,-2.000000198,1.858576655,186751.75,788239.2196,-1.399321038
105.1199951,846270.3125,8.991196632,-2.000000198,1.858611107,186910.375,793598.639,-1.400546032
105.1299896,849685.5625,8.995252609,-2.000000198,1.858578205,186954.9063,798995.5,-1.402406249
105.1399918,845306.3125,8.998782158,-2.000000198,1.858542562,186903.1406,804189.5389,-1.40477164
105.1499939,848624.5625,9.001944542,-2.000000198,1.858576775,186735.7656,809004.0525,-1.407640888
105.159996,844176.8125,9.003802299,-2.000000198,1.858715653,186529.7344,813385.3645,-1.411176622
105.1699905,847452.875,9.003593445,-2.000000198,1.858958721,186224.6719,817535.2398,-1.415277071
105.1799927,842991.9375,9.002858162,-2.000000198,1.859253168,185876.4688,821227.5606,-1.419956405
105.1899948,846282.5625,9.00070858,-2.000000198,1.859527707,185527.9688,824347.317,-1.425115318
105.1999969,841866.625,8.997472763,-2.000000198,1.859740257,185167.875,826699.1983,-1.430515314
105.2099915,845232.5,8.992959023,-2.000000198,1.85987854,184881.5469,828436.5044,-1.436259667
105.2199936,840921.9375,8.98795414,-2.000000198,1.859954953,184687.9531,829690.4064,-1.442169416
105.2299957,844421.625,8.982933044,-2.000000198,1.860023022,184638.9844,830329.2048,-1.448032297
105.2399902,840270.8125,8.977363586,-2.000000198,1.86013639,184606.8438,830091.0271,-1.454278766
105.2499924,843954.1875,8.971776009,-2.000000198,1.860309839,184716.5938,828938.6562,-1.460980492
105.2599945,840007,8.967222214,-2.000000198,1.860560298,185019.2969,827105.1964,-1.468269243
105.2699966,843913.1875,8.962335587,-2.000000198,1.860882282,185443.6719,824404.9544,-1.474120875
105.2799911,840203.9375,8.957349777,-2.000000198,1.861214638,186000.1406,820875.2675,-1.479081136
105.2899933,844364.0625,8.954126358,-2.000000198,1.861501336,186708.1094,816597.7149,-1.483138524
105.2999954,840920.75,8.951416016,-2.000000198,1.861705542,187554.1406,811534.2632,-1.486230122
105.3099899,845359.6875,8.949708939,-2.000000198,1.861817837,188606.0313,805880.6008,-1.488559807
105.3199921,842201.5625,8.948732376,-2.000000198,1.861866951,189720.6719,799632.4018,-1.489765404
105.3299942,846932.3125,8.949614525,-2.000000198,1.861896634,190917.5781,792857.4391,-1.490230745
105.3399963,844064.25,8.950688362,-2.000000198,1.861956358,192182.5,785796.2895,-1.490144508
105.3499908,849082.8125,8.951741219,-2.000000198,1.86208117,193494.2969,778613.6109,-1.48966382
105.359993,846491.9375,8.953365326,-2.000000198,1.862277985,194771.3125,771370.097,-1.488987964
105.3699951,851778.1875,8.955682755,-2.000000198,1.86251688,195983.3438,764165.8468,-1.48807909
105.3799896,849437.875,8.957846642,-2.000000198,1.862755656,197083.8438,757114.2389,-1.487199403
105.3899918,854961.4375,8.959872246,-2.000000198,1.862947464,198077.6719,750093.307,-1.486576565
105.3999939,852837.4375,8.962655067,-2.000000198,1.863064766,198980.0781,743137.6962,-1.486408469
105.409996,858560.75,8.964470863,-2.000000198,1.86312139,199748.7656,736649.2649,-1.486658029
105.4199905,856612.125,8.965514183,-2.000000198,1.86314714,200410.6094,730336.2895,-1.487219986
105.4299927,862490.125,8.966394424,-2.000000198,1.863190889,200952.1094,724165.9027,-1.488361567
105.4399948,860667.4375,8.966879845,-2.000000198,1.863290071,201330.7656,718405.4218,-1.490246388
105.4499969,866647.0625,8.967046738,-2.000000198,1.863456607,201542.8594,712834.5325,-1.493136452
105.4599915,864894.9375,8.966757774,-2.000000198,1.863669634,201571.4688,707829.894,-1.496869419
105.4699936,870920.0625,8.966942787,-2.000000198,1.863887668,201393.3906,703090.2183,-1.502057704
105.4799957,869183.8125,8.967778206,-2.000000198,1.864062548,200991.4688,698633.0999,-1.508361843
105.4899902,875202.125,8.968946457,-2.000000198,1.864161134,200395.3125,694279.8208,-1.515433065
105.4999924,873432,8.970880508,-2.000000198,1.864177346,199669.3125,690139.4719,-1.523146281
105.5099945,879395.5625,8.972970963,-2.000000198,1.864144683,198748.6875,685986.3729,-1.531214199
105.5199966,877545.6875,8.97601223,-2.000000198,1.86411047,197709.2813,681872.985,-1.539851126
105.5299911,883408.8125,8.979470253,-2.000000198,1.864120603,196515.1563,677577.03,-1.548652029
105.5399933,881434.6875,8.983976364,-2.000000198,1.864198089,195208.4844,673094.4382,-1.557582496
105.5499954,887153.875,8.988695145,-2.000000198,1.864334702,193767.0313,668402.7848,-1.566428924
105.5599899,885015.4375,8.993144035,-2.000000198,1.864499569,192194.375,663427.3726,-1.574582826
105.5699921,890555.1875,8.997467041,-2.000000198,1.864651442,190659,658290.2719,-1.581818084
105.5799942,888222.9375,9.002129555,-2.000000198,1.864740133,189112.5938,652840.1089,-1.588027452
105.5899963,893559.75,9.006503105,-2.000000198,1.864747047,187561,647057.6032,-1.59271331
105.5999908,891015.9375,9.009662628,-2.000000198,1.86469388,186034.125,641011.7148,-1.595535818
105.609993,896136.375,9.012568474,-2.000000198,1.864634395,184696.4375,635417.7023,-1.595580674
105.6199951,893371.9375,9.014777184,-2.000000198,1.864622474,183408.5313,629513.865,-1.594443794
105.6299896,898269,9.016616821,-2.000000198,1.864690304,182168.1875,623548.4994,-1.591778361
105.6399918,895281.125,9.016943932,-2.000000198,1.864845037,181009.9844,617759.0585,-1.587669111
105.6499939,899956,9.016599655,-2.000000198,1.865057707,179945.3125,612592.5152,-1.582225298
105.659996,896752.0625,9.015177727,-2.000000198,1.865272045,179082.4219,607714.1535,-1.575598213
105.6699905,901218.9375,9.013020515,-2.000000198,1.865444422,178339.0625,603172.263,-1.567858672
105.6799927,897820.375,9.010519981,-2.000000198,1.865551949,177720.875,599300.5732,-1.559530159
105.6899948,902107.5625,9.008030891,-2.000000198,1.865606904,177315.7969,595682.297,-1.550725236
105.6999969,898548,9.005451202,-2.000000198,1.865639925,177084.9219,592669.7422,-1.542146132
105.7099915,902692.6875,9.002562523,-2.000000198,1.865681052,177009.4063,589803.7506,-1.534708804
105.7199936,899011.9375,9.001096725,-2.000000198,1.865768552,177058.0781,587322.6756,-1.527237621
105.7299957,903054.875,9.000320435,-2.000000198,1.86590004,177291.0156,585136.6484,-1.520487797
105.7399902,899295.75,8.999709129,-2.000000198,1.866044998,177594.125,583054.4646,-1.514297232
105.7499924,903281.4375,8.999660492,-2.000000198,1.866158724,177886.4063,580907.066,-1.50920624
105.7599945,899489.125,9.001076698,-2.000000198,1.866208315,178171.1406,578805.606,-1.504999442
105.7699966,903463.25,9.002841949,-2.000000198,1.866159678,178618.3281,577340.1566,-1.500388413
105.7799911,899682.25,9.005149841,-2.000000198,1.865996718,179179.0156,576191.7417,-1.49549316
105.7899933,903686.3125,9.008199692,-2.000000198,1.865747333,179778.875,575351.2026,-1.490456023
105.7999954,899952,9.012244225,-2.000000198,1.865460277,180308.9844,574915.5463,-1.485744708
105.8099899,904013.4375,9.016757965,-2.000000198,1.865185022,180750.6563,574837.7975,-1.481084345
105.8199921,900343.9375,9.020832062,-2.000000198,1.864954114,181013.5313,575222.3408,-1.477126576
105.8299942,904471.6875,9.025155067,-2.000000198,1.864785314,181144.5781,575963.6348,-1.473378675
105.8399963,900867,9.030190468,-2.000000198,1.864664555,181110.5625,576995.7529,-1.46983756
105.8499908,905053.6875,9.035024643,-2.000000198,1.864558339,180845.6563,578348.3597,-1.465754981
105.859993,901501,9.03951931,-2.000000198,1.864424229,180416.9688,579987.6954,-1.461621637
105.8699951,905729.5,9.04466629,-2.000000198,1.864245653,179863.3125,582104.165,-1.457671122
105.8799896,902207.1875,9.049939156,-2.000000198,1.864031911,179208.9063,584635.6916,-1.453594935
105.8899918,906452.4375,9.055661201,-2.000000198,1.863823175,178476.875,587519.4114,-1.449633957
105.8999939,902932.625,9.062533379,-2.000000198,1.863662601,177695.8906,590607.7904,-1.445834131
105.909996,907163.8125,9.068852425,-2.000000198,1.863576412,176897.6563,593947.7769,-1.441909745
105.9199905,903614.125,9.075964928,-2.000000198,1.863575101,176029.1563,597457.5495,-1.43871665
105.9299927,907799.0625,9.083370209,-2.000000198,1.863663435,175187.7188,601085.1904,-1.435684739
105.9399948,904190,9.090560913,-2.000000198,1.863819242,174414.9219,604975.5222,-1.432600836
105.9499969,908304.5,9.096485138,-2.000000198,1.864007711,173724.0625,609151.9948,-1.429678208
105.9599915,904618.125,9.101654053,-2.000000198,1.864190221,173210.7813,614152.0653,-1.426519041
105.9699936,908652.4375,9.10572052,-2.000000198,1.864343286,172833.4688,619203.31,-1.423368542
105.9799957,904887.4375,9.109928131,-2.000000198,1.864459276,172612.5938,624734.1334,-1.420373028
105.9899902,908847.6875,9.113406181,-2.000000198,1.864546418,172591.0938,630889.8525,-1.417302754
105.9999924,905016.9375,9.115897179,-2.000000198,1.864631057,172750.6719,637397.1652,-1.413786677
106.0099945,908921.6875,9.118148804,-2.000000198,1.864750624,173132.5938,644972.3521,-1.410240567
106.0199966,905048.25,9.120084763,-2.000000198,1.864908934,173793.9844,653273.7568,-1.406402311
106.0299911,908925.0625,9.122419357,-2.000000198,1.865077257,174680.2344,662580.8868,-1.402600529
106.0399933,905040.375,9.124217033,-2.000000198,1.865196943,175716.0938,672264.1649,-1.398556576
106.0499954,908923.5625,9.125556946,-2.000000198,1.865210533,176800.7188,681851.8324,-1.394496299
106.0599899,905063.5625,9.127326965,-2.000000198,1.865093708,177924.3438,691880.7205,-1.391081706
106.0699921,908988.9375,9.130028725,-2.000000198,1.864856958,179118.5,701326.9251,-1.387118769
106.0799942,905184.875,9.132566452,-2.000000198,1.864537239,180375.5938,710395.3722,-1.383175969
106.0899963,909177.5,9.135197639,-2.000000198,1.864202142,181639.6875,719054.4266,-1.379447537
106.0999908,905445.4375,9.137303352,-2.000000198,1.863912463,182916.25,727309.4035,-1.376020543
106.109993,909511.25,9.138952255,-2.000000198,1.863699794,184114.875,734656.6194,-1.37268787
106.1199951,905847.25,9.140554428,-2.000000198,1.863541365,185263.0625,742024.4817,-1.370198309
106.1299896,909973.75,9.142591476,-2.000000198,1.863396287,186345.625,749303.2221,-1.368485352
106.1399918,906358,9.143763542,-2.000000198,1.863223076,187309.875,756339.024,-1.367722581
106.1499939,910519.75,9.143514633,-2.000000198,1.863002777,188144.7344,763147.3847,-1.367908726
106.159996,906921.9375,9.143127441,-2.000000198,1.862746119,188843.1875,769840.6228,-1.368779011
106.1699905,911083.0625,9.14262104,-2.000000198,1.862499237,189450.6563,776372.7504,-1.371159904
106.1799927,907463.5625,9.140499115,-2.000000198,1.862317443,189900.2031,782454.4166,-1.374644177
106.1899948,911580.5625,9.136711121,-2.000000198,1.862251401,190159.5,788129.9705,-1.379030176
106.1999969,907894.125,9.132287025,-2.000000198,1.862321496,190223.875,793611.0732,-1.384545256
106.2099915,911922.6875,9.127092361,-2.000000198,1.862509966,190102.6875,798789.1771,-1.390633842
106.2199936,908129.5,9.120958328,-2.000000198,1.862776875,189878.5156,804006.9907,-1.397899505
106.2299957,912036.4375,9.113624573,-2.000000198,1.863066316,189565.0313,809243.3639,-1.40601878
106.2399902,908113.375,9.105389595,-2.000000198,1.863341093,189159.7656,814447.8157,-1.415208402
106.2499924,911887,9.095883369,-2.000000198,1.86358285,188636.75,819536.2873,-1.425542836
106.2599945,907833.1875,9.085492134,-2.000000198,1.863812089,188054.9531,824533.0968,-1.436426593
106.2699966,911483.1875,9.074482918,-2.000000198,1.864059567,187459.9375,829357.4267,-1.44765232
106.2799911,907318.75,9.06388855,-2.000000198,1.864348412,186893.6719,833957.8571,-1.459286021
106.2899933,910874.4375,9.052998543,-2.000000198,1.864692688,186350.875,838305.4842,-1.471059359
106.2999954,906637.3125,9.042637825,-2.000000198,1.865083814,185858.7969,842225.2663,-1.482806445
106.3099899,910145.4375,9.032919884,-2.000000198,1.86549139,185477.9688,845673.3216,-1.494481918
106.3199921,905890.5625,9.024395943,-2.000000198,1.865855455,185193.75,848602.3366,-1.505788048
106.3299942,909413.375,9.017329216,-2.000000198,1.866119504,185057.8125,850889.6566,-1.516485377
106.3399963,905208.4375,9.010751724,-2.000000198,1.866252303,185167.5156,852592.5779,-1.526260787
106.3499908,908816.8125,9.005108833,-2.000000198,1.866275549,185489.4375,853343.4313,-1.534765444
106.359993,904731.25,9.000644684,-2.000000198,1.866249561,185950.4375,853171.5888,-1.542407222
106.3699951,908490.75,8.996084213,-2.000000198,1.866210222,186705.5,852250.8739,-1.548375136
106.3799896,904582.5,8.99184227,-2.000000198,1.866167068,187680.7031,850434.6346,-1.553033136
106.3899918,908542.5,8.98897934,-2.000000198,1.866108775,188799.7188,847709.9428,-1.556485124
106.3999939,904850.5,8.98549366,-2.000000198,1.866048574,190045,844377.2037,-1.558912892
106.409996,909039.3125,8.982283592,-2.000000198,1.865952253,191343.9844,840491.2442,-1.560573069
106.4199905,905580.375,8.979158401,-2.000000198,1.865823269,192700.7969,836210.5585,-1.561509603
106.4299927,910003.5,8.976327896,-2.000000198,1.865640163,194132.375,831485.1798,-1.562164102
106.4399948,906770.875,8.973316193,-2.000000198,1.865419388,195573.7969,826412.6095,-1.562730224
106.4499969,911409.8125,8.970235825,-2.000000198,1.865203857,196915.5313,820668.1655,-1.56385113
106.4599915,908372.6875,8.966946602,-2.000000198,1.865059257,198234.4688,814972.7841,-1.5656269
106.4699936,913185.375,8.964781761,-2.000000198,1.865000844,199513.375,809193.4932,-1.568081198
106.4799957,910292.5625,8.962587357,-2.000000198,1.865046859,200714.0938,803163.2597,-1.571650683
106.4899902,915220.875,8.961069107,-2.000000198,1.865193129,201791.5,796871.8159,-1.576495446
106.4999924,912411.25,8.960072517,-2.000000198,1.86543262,202666.25,790445.6024,-1.582579151
106.5099945,917394.375,8.959537506,-2.000000198,1.865731359,203389.3125,783903.1962,-1.590382464
106.5199966,914610.5,8.95938015,-2.000000198,1.866073251,203890.6719,776926.4,-1.599023633
106.5299911,919596.625,8.959453583,-2.000000198,1.866443157,204195.8281,769689.2292,-1.608779031
106.5399933,916795.125,8.959909439,-2.000000198,1.866833091,204282.4063,762281.3545,-1.619467877
106.5499954,921749.9375,8.961473465,-2.000000198,1.86725843,204140.25,754625.8244,-1.631154897
106.5599899,918906.8125,8.963058472,-2.000000198,1.867722869,203701.1875,747165.6377,-1.643027266
106.5699921,923817.4375,8.965016365,-2.000000198,1.868218899,203122.3594,739315.8215,-1.655550573
106.5799942,920930.9375,8.967261314,-2.000000198,1.868722558,202394.1719,731325.0039,-1.66826834
106.5899963,925806.9375,8.968977928,-2.000000198,1.869200468,201532.7813,723301.5293,-1.681120318
106.5999908,922897.375,8.970593452,-2.000000198,1.869617343,200500.7813,715469.6312,-1.693738957
106.609993,927768.375,8.972397804,-2.000000198,1.869942307,199362.5781,708174.2879,-1.705777975
106.6199951,924873,8.974205971,-2.000000198,1.870165706,198094.9219,701146.9973,-1.717239853
106.6299896,929781.4375,8.975498199,-2.000000198,1.870285988,196701.5781,694463.429,-1.727861763
106.6399918,926943.625,8.976607323,-2.000000198,1.870314121,195195.4063,688211.5155,-1.737406865
106.6499939,931931.0625,8.977309227,-2.000000198,1.870268345,193646.5,682416.7451,-1.745828471
106.659996,929187.9375,8.977594376,-2.000000198,1.870168924,192131.8125,677216.8742,-1.752971916
106.6699905,934284.125,8.975981712,-2.000000198,1.87002337,190555.9063,672478.452,-1.758506759
106.6799927,931655.5625,8.974966049,-2.000000198,1.86982131,188922.3906,668130.4211,-1.762552659
106.6899948,936870.25,8.973472595,-2.000000198,1.869553208,187236.0625,663996.2964,-1.765095044
106.6999969,934353.25,8.971220016,-2.000000198,1.869217992,185497.5156,660050.4439,-1.766238922
106.7099915,939670.875,8.969211578,-2.000000198,1.86882627,183721.7188,656149.9701,-1.766083222
106.7199936,937236.375,8.967140198,-2.000000198,1.868408203,181979.2344,652414.9705,-1.763906392
106.7299957,942613.25,8.965339661,-2.000000198,1.867992401,180280.8281,648986.42,-1.759793119
106.7399902,940205.0625,8.963212967,-2.000000198,1.867616057,178656.625,645951.5722,-1.753860556
106.7499924,945572.375,8.961168289,-2.000000198,1.867313027,177021.7031,643376.4454,-1.746592049
106.7599945,943112.6875,8.958806992,-2.000000198,1.867099643,175245.2188,641759.4414,-1.738304032
106.7699966,948385.3125,8.956736565,-2.000000198,1.866968036,173671.4375,639660.0743,-1.729010481
106.7799911,945785.875,8.954910278,-2.000000198,1.86687851,172237.9063,637295.4175,-1.718926556
106.7899933,950875.8125,8.953074455,-2.000000198,1.866813421,170948.8281,634503.6489,-1.708254318
106.7999954,948053,8.950712204,-2.000000198,1.866767406,169824.6406,631801.0142,-1.69712896
106.8099899,952881.625,8.948238373,-2.000000198,1.866758943,168885.8281,628406.8453,-1.68578527
106.8199921,949765.8125,8.94580555,-2.000000198,1.866803885,168064.8438,625244.6363,-1.674044848
106.8299942,954273.0625,8.943882942,-2.000000198,1.866936564,167356.5938,622282.4446,-1.662289889
106.8399963,950817.3125,8.94162941,-2.000000198,1.867168427,166796.4219,619260.9444,-1.650758433
106.8499908,954969.75,8.939700127,-2.000000198,1.867481351,166386,616177.1069,-1.639864357
106.859993,951157.4375,8.937962532,-2.000000198,1.867832899,166098.8594,613064.3597,-1.629212793
106.8699951,954956,8.93611145,-2.000000198,1.868155599,165960.2656,610363.3363,-1.618821426
106.8799896,950806.875,8.935281754,-2.000000198,1.868387699,165924.2188,607987.6847,-1.608939647
106.8899918,954288.5,8.934905052,-2.000000198,1.86849463,166001.0938,605727.0056,-1.599633543
106.8999939,949854.5625,8.93506813,-2.000000198,1.86847806,166170.5469,603533.7767,-1.590824908
106.909996,953083.125,8.936090469,-2.000000198,1.868370771,166472.0781,601481.147,-1.581965098
106.9199905,948435.75,8.937858582,-2.000000198,1.868201613,166805.125,599808.4107,-1.573712315
106.9299927,951486.3125,8.940226555,-2.000000198,1.868008852,167158.5,598503.6405,-1.565767439
106.9399948,946701.3125,8.943432808,-2.000000198,1.867808461,167537.7813,597693.7572,-1.557984838
106.9499969,949648.625,8.946528435,-2.000000198,1.867593527,167929.4688,597529.5835,-1.550374764
106.9599915,944796.75,8.950118065,-2.000000198,1.867331982,168345.2344,598420.0426,-1.542498053
106.9699936,947706.75,8.953289986,-2.000000198,1.866990328,168747.8125,600161.6409,-1.534361271
106.9799957,942847.25,8.955623627,-2.000000198,1.866546273,169157.6719,602758.2628,-1.526500802
106.9899902,945771.0625,8.958528519,-2.000000198,1.866007566,169549.6719,606421.8055,-1.518468856
106.9999924,940943.875,8.960664749,-2.000000198,1.86540997,169921.7656,611243.2376,-1.510221086
107.0099945,943908.75,8.961560249,-2.000000198,1.86481142,170352.2813,617302.0431,-1.502181015
107.0199966,939127.4375,8.961031914,-2.000000198,1.864269614,170670.2813,624042.0939,-1.494065225
107.0299911,942133.4375,8.958896637,-2.000000198,1.863832951,170937.9844,631523.6471,-1.48620966
107.0399933,937385.375,8.955533028,-2.000000198,1.863511443,171213.5625,639970.2213,-1.478625211
107.0499954,940410.0625,8.950334549,-2.000000198,1.863283753,171492.3594,649085.7982,-1.471316505
107.0599899,935666.375,8.944413185,-2.000000198,1.863102913,171669.3438,658209.7936,-1.464398899
107.0699921,938676.75,8.938145638,-2.000000198,1.86292398,171847.9844,667544.1423,-1.457910509
107.0799942,933903.75,8.93085289,-2.000000198,1.862718105,171999.7656,676909.353,-1.451802861
107.0899963,936866.25,8.923060417,-2.000000198,1.862498522,172122.9531,686005.0784,-1.445902636
107.0999908,932031.8125,8.915590286,-2.000000198,1.86229682,172225.5,694413.2835,-1.440457087
107.109993,934916.625,8.90789032,-2.000000198,1.862163186,172348.75,702216.8714,-1.434948372
107.1199951,929993.8125,8.900438309,-2.000000198,1.862148404,172384.125,709559.7333,-1.429064851
107.1299896,932778.4375,8.893379211,-2.000000198,1.862264276,172354.8125,716664.1076,-1.422869944
107.1399918,927751.5,8.887131691,-2.000000198,1.862464666,172258.2656,723488.6678,-1.416121707
107.1499939,930429.5,8.882231712,-2.000000198,1.862693429,172141.0469,729975.042,-1.409142045
107.159996,925302.5625,8.87859726,-2.000000198,1.862871885,172149.625,737663.441,-1.401075915
107.1699905,927889.0625,8.876398087,-2.000000198,1.862944007,172051.5469,743866.6122,-1.393153699
107.1799927,922688.1875,8.87487793,-2.000000198,1.862904906,171917.7031,749659.6769,-1.385447904
107.1899948,925217.6875,8.873713493,-2.000000198,1.862794161,171774.2344,755191.3931,-1.37775608
107.1999969,919982.125,8.873299599,-2.000000198,1.86266005,171659.5625,760612.9686,-1.370263073
107.2099915,922497,8.873222351,-2.000000198,1.862553716,171503.4844,766051.1852,-1.363402153
107.2199936,917269.625,8.873874664,-2.000000198,1.862498641,171420.4688,771595.1919,-1.357143733
107.2299957,919812.1875,8.874869347,-2.000000198,1.86248076,171443.125,777330.8787,-1.351651734
107.2399902,914634.25,8.875867844,-2.000000198,1.862441659,171565.0781,783355.09,-1.346962878
107.2499924,917244.875,8.877763748,-2.000000198,1.862327814,171795.125,789650.058,-1.343289259
107.2599945,912153.8125,8.880385399,-2.000000198,1.862102389,172062.8594,795990.2004,-1.340836721
107.2699966,914866.875,8.882820129,-2.000000198,1.861731887,172517.0156,802642.8695,-1.339568998
107.2799911,909890.4375,8.885473251,-2.000000198,1.861235261,173066.7656,809538.3428,-1.339796075
107.2899933,912724.875,8.888112068,-2.000000198,1.860673547,173775.7031,816539.7504,-1.341654251
107.2999954,907869.875,8.891095161,-2.000000198,1.860122204,174564.7969,823402.8476,-1.344659093
107.3099899,910819.3125,8.892918587,-2.000000198,1.85966742,175233.7031,829168.8462,-1.348791322
107.3199921,906065.9375,8.894737244,-2.000000198,1.859331012,176012.1406,834989.0123,-1.353876445
107.3299942,909098.6875,8.896512032,-2.000000198,1.859094977,176785.125,840814.8072,-1.35979464
107.3399963,904406.375,8.897328377,-2.000000198,1.858903766,177569.0469,846316.6655,-1.366198527
107.3499908,907475.75,8.897137642,-2.000000198,1.858686924,178376.1406,851602.1373,-1.373113954
107.359993,902794.375,8.896820068,-2.000000198,1.858437657,179126.9844,856724.8936,-1.380325102
107.3699951,905847.875,8.896369934,-2.000000198,1.858118773,179807.2344,861475.2282,-1.388648861
107.3799896,901124.25,8.894650459,-2.000000198,1.857827544,180475.7031,865985.5339,-1.397246927
107.3899918,904107.9375,8.89233017,-2.000000198,1.857619166,181082.4531,869790.5592,-1.405916113
107.3999939,899288.25,8.89016819,-2.000000198,1.857578635,181650.4844,873276.7666,-1.414528343
107.409996,902150.8125,8.888328552,-2.000000198,1.857813358,182231.3438,876561.2376,-1.423183202
107.4199905,897190.9375,8.88514328,-2.000000198,1.858214974,182740.8594,879369.057,-1.43142158
107.4299927,899897.8125,8.882487297,-2.000000198,1.858751655,183120.4531,881516.6741,-1.43926767
107.4399948,894779.4375,8.879540443,-2.000000198,1.859307408,183503.6563,883258.9158,-1.446715276
107.4499893,897330.4375,8.875938416,-2.000000198,1.859782219,183929.375,884630.3073,-1.453543335
107.4599915,892071.5625,8.872600555,-2.000000198,1.860258102,184433.8594,885835.5017,-1.460043665
107.4699936,894503.75,8.868700981,-2.000000198,1.860631347,184959.2813,886575.1784,-1.466000266
107.4799957,889158.1875,8.864390373,-2.000000198,1.860983372,185494.5156,886886.1625,-1.471762789
107.4899902,891538.875,8.85826683,-2.000000198,1.861382008,186109.9688,886621.1909,-1.477199081
107.4999924,886184.5,8.852052689,-2.000000198,1.861864924,186796.9844,885827.8804,-1.48237043
107.5099945,888601.75,8.845855713,-2.000000198,1.862398028,187512.4219,884345.6201,-1.487269193
107.5199966,883333.75,8.837985039,-2.000000198,1.862917662,188257.1719,882457.3556,-1.49244675
107.5299911,885890,8.82824707,-2.000000198,1.863315225,189055.7031,880011.8128,-1.498087236
107.5399933,880814.5625,8.818896294,-2.000000198,1.863517165,189861.1719,877285.182,-1.504288897
107.5499954,883617.25,8.808820724,-2.000000198,1.863483667,190675.2344,874225.295,-1.511368366
107.5599899,878836.625,8.798342705,-2.000000198,1.863245845,191508.2031,870638.2897,-1.51955599
107.5699921,881978.625,8.786997795,-2.000000198,1.862886786,192351.5,866960.3507,-1.528300305
107.5799942,877568.75,8.775575638,-2.000000198,1.862514496,193180.8125,863080.2996,-1.537824634
107.5899963,881106.0625,8.764211655,-2.000000198,1.862207294,193970.4844,859033.7485,-1.548286351
107.5999908,877100.4375,8.752550125,-2.000000198,1.861979246,194715.7031,854764.5222,-1.559866591
107.609993,881044.1875,8.742679596,-2.000000198,1.861819744,195405.4219,850133.8328,-1.572494414
107.6199951,877433,8.731754303,-2.000000198,1.861677051,195990.5,845663.8711,-1.585838669
107.6299896,881755.25,8.721094131,-2.000000198,1.861510158,196479.8594,841035.737,-1.599920633
107.6399918,878493.0625,8.711476326,-2.000000198,1.861270547,196879.5625,836334.6468,-1.614420282
107.6499939,883133.0625,8.702967644,-2.000000198,1.860968351,197122.125,831494.1853,-1.629614305
107.659996,880145.3125,8.693494797,-2.000000198,1.860655785,197203.9531,826437.1141,-1.64538754
107.6699905,885014.875,8.684876442,-2.000000198,1.86044991,197055.625,820803.4069,-1.661934952
107.6799927,882202.1875,8.676487923,-2.000000198,1.860445023,196657.125,814680.7064,-1.678715143
107.6899948,887193.375,8.668865204,-2.000000198,1.860683918,196044.7813,807789.1082,-1.695553532
107.6999893,884445,8.661828041,-2.000000198,1.861138344,195232.5938,800034.4279,-1.712214436
107.7099915,889450.75,8.65497303,-2.000000198,1.861748695,194208.8906,791476.4539,-1.728514108
107.7199936,886669,8.647707939,-2.000000198,1.862401366,193084.7344,781856.1404,-1.7442148
107.7299957,891606.125,8.639153481,-2.000000198,1.862992525,191792.6563,771740.8037,-1.759007977
107.7399902,888726.6875,8.630700111,-2.000000198,1.863469005,190338.4063,761336.11,-1.772345189
107.7499924,893547.9375,8.622350693,-2.000000198,1.863848805,188821.8281,750530.805,-1.783999888
107.7599945,890541.5,8.613126755,-2.000000198,1.864202261,187313.0469,739596.2056,-1.793698898
107.7699966,895232.8125,8.603214264,-2.000000198,1.864593267,185693.1719,728453.0533,-1.802062279
107.7799911,892098.75,8.593549728,-2.000000198,1.865069389,183991.7656,717384.2328,-1.808994954
107.7899933,896672.5,8.583355904,-2.000000198,1.865618825,182243.4063,706594.8091,-1.814637224
107.7999954,893435.4375,8.572741508,-2.000000198,1.866166353,180486.625,696099.7748,-1.818808399
107.8099899,897928.3125,8.563119888,-2.000000198,1.866618991,178696.2969,686011.0633,-1.821832509
107.8199921,894635.875,8.554079056,-2.000000198,1.866868019,177000.3906,676822.4614,-1.823266533
107.8299942,899104.3125,8.544963837,-2.000000198,1.866858363,175422.5313,668418.263,-1.823595878
107.8399963,895816.5,8.537700653,-2.000000198,1.866592288,173969.625,660833.2197,-1.823000801
107.8499908,900318.125,8.531271935,-2.000000198,1.866135359,172696.6563,654202.6165,-1.821329062
107.859993,897084.375,8.526883125,-2.000000198,1.865592957,171728.5625,648906.9297,-1.818214517
107.8699951,901655.0625,8.523703575,-2.000000198,1.865072012,170654.4219,644538.616,-1.815202668
107.8799896,898493.875,8.521059036,-2.000000198,1.864608765,169529.6406,641160.3903,-1.812470857
107.8899918,903134.4375,8.51970005,-2.000000198,1.864195704,168528.1563,638207.6167,-1.810170832
107.8999939,900029.0625,8.518656731,-2.000000198,1.863780022,167618.5469,635338.2428,-1.808132244
107.909996,904706.5625,8.51899147,-2.000000198,1.863290906,166730.5,632631.3881,-1.806640393
107.9199905,901610.5625,8.520511627,-2.000000198,1.862691283,166017.3281,629064.0495,-1.804502391
107.9299927,906264.4375,8.521194458,-2.000000198,1.862006664,165401.0156,624896.0722,-1.802083159
107.9399948,903104.5625,8.521251678,-2.000000198,1.861316442,164880.8438,620020.7486,-1.799364715
107.9499893,907648.8125,8.521650314,-2.000000198,1.860720873,164435.0781,614529.2033,-1.795956768
107.9599915,904329.25,8.521631241,-2.000000198,1.860317945,164050.9063,608230.5932,-1.791695189
107.9699936,908659.875,8.521333694,-2.000000198,1.860154629,163786.375,601445.2443,-1.786770887
107.9799957,905075.6875,8.520217896,-2.000000198,1.860217333,163567.5469,594468.5046,-1.78111706
107.9899902,909091.625,8.518458366,-2.000000198,1.860437632,163352.2813,587570.4957,-1.774226128
107.9999924,905153.9375,8.516922951,-2.000000198,1.860715032,163139.3438,580709.8015,-1.766161409
108.0099945,908782.125,8.51544857,-2.000000198,1.860964537,162950.3125,573797.9203,-1.756458433
108.0199966,904438.8125,8.514667511,-2.000000198,1.86114049,162817.7656,567085.3828,-1.745350503
108.0299911,907647.9375,8.512685776,-2.000000198,1.861268163,162739.3594,560814.5914,-1.732530975
108.0399933,902889.75,8.510700226,-2.000000198,1.861414552,162679.5,555300.7531,-1.718032943
108.0499954,905690.3125,8.50868988,-2.000000198,1.861647606,162597.8125,550746.9788,-1.70205975
108.0599899,900546.625,8.506436348,-2.000000198,1.86199832,162538.4063,547013.5765,-1.684382444
108.0699921,902987.125,8.50374794,-2.000000198,1.862445951,162430.4063,544673.0518,-1.665595184
108.0799942,897526.125,8.500594139,-2.000000198,1.862918973,162277.5156,543652.3691,-1.645735644
108.0899963,899693.4375,8.497499466,-2.000000198,1.863316298,162064.9844,543804.5888,-1.624995218
108.0999908,894019.4375,8.493792534,-2.000000198,1.86353898,161802.4063,545317.5639,-1.603432727
108.109993,896033.3125,8.489742279,-2.000000198,1.863518953,161607.2344,548032.259,-1.582267804
108.1199951,890274.9375,8.484995842,-2.000000198,1.863281608,161362.8438,552119.2634,-1.561280478
108.1299896,892267.5,8.479556084,-2.000000198,1.862890959,161169.8438,557489.3828,-1.540914127
108.1399918,886553.0625,8.472724915,-2.000000198,1.862441063,161021.0625,563898.6953,-1.521370498
108.1499939,888643.8125,8.466051102,-2.000000198,1.862007022,160938.4844,571318.0554,-1.502997448
108.159996,883078.25,8.459298134,-2.000000198,1.861626029,160939.6875,579604.4835,-1.485925973
108.1699905,885356.875,8.453064919,-2.000000198,1.861269355,161026.9531,588866.6174,-1.470149209
108.1799927,880012.9375,8.447027206,-2.000000198,1.860867143,161138.4844,598527.9167,-1.455878986
108.1899948,882535.6875,8.441417694,-2.000000198,1.860347986,161273.5469,608305.8088,-1.443118039
108.1999893,877451.5625,8.436141968,-2.000000198,1.859673381,161443.8438,618111.8357,-1.431805399
108.2099915,880238.25,8.431445122,-2.000000198,1.858861685,161683.9688,627733.3009,-1.421835216
108.2199936,875412.3125,8.427670479,-2.000000198,1.857991338,162007.6563,636911.5822,-1.413194173
108.2299957,878439.5,8.424880981,-2.000000198,1.857164621,162412.0156,645583.5691,-1.40579879
108.2399902,873825.375,8.42272377,-2.000000198,1.856479287,162872.3906,653632.0266,-1.398985955
108.2499924,877025.625,8.42166996,-2.000000198,1.856008291,163327.4219,661007.293,-1.392403379
108.2599945,872539.4375,8.422513962,-2.000000198,1.855754614,163744.0625,668275.0017,-1.386014844
108.2699966,875817,8.424681664,-2.000000198,1.855674028,164225.0156,675054.9121,-1.37988124
108.2799911,871357.8125,8.427515984,-2.000000198,1.855667472,164693.4531,681508.4367,-1.373736754
108.2899933,874613,8.430150032,-2.000000198,1.855648756,165078.8594,687087.7214,-1.367521719
108.2999954,870087.0625,8.433003426,-2.000000198,1.855567932,165368.0625,691594.9069,-1.361243955
108.3099899,873234.25,8.436285973,-2.000000198,1.855453134,165544.1875,696008.9724,-1.354866939
108.3199921,868565.5625,8.440685272,-2.000000198,1.855369925,165684.5,699018.8188,-1.348170144
108.3299942,871538.75,8.445496559,-2.000000198,1.855407,165795.2813,701353.815,-1.341239877
108.3399963,866672.875,8.450328827,-2.000000198,1.855626225,165900.7813,703287.2036,-1.333951438
108.3499908,869430.75,8.456186295,-2.000000198,1.856029749,165986,705186.8958,-1.326686867
108.359993,864343.25,8.462520599,-2.000000198,1.8565588,165988.7656,707052.8512,-1.319209188
108.3699951,866879.3125,8.468318939,-2.000000198,1.857093573,166046.4375,709366.2469,-1.31237184
108.3799896,861585.0625,8.474208832,-2.000000198,1.85750556,166123.7188,712389.7704,-1.306304707
108.3899918,863935.8125,8.480703354,-2.000000198,1.857713342,166195.6094,716090.1463,-1.301366172
108.3999939,858489.375,8.487663269,-2.000000198,1.857701659,166270.7031,720447.9382,-1.297643953
108.409996,860723.125,8.494344711,-2.000000198,1.857518315,166373.8125,725304.6999,-1.295423332
108.4199905,855200.1875,8.501191139,-2.000000198,1.857240319,166620.7188,731255.5244,-1.294872573
108.4299927,857395.125,8.508122444,-2.000000198,1.856969237,166885.3281,737656.7896,-1.295747168
108.4399948,851870.875,8.513539314,-2.000000198,1.856761098,167215.9063,744397.476,-1.298334783
108.4499893,854097.3125,8.517557144,-2.000000198,1.856597424,167568.7188,751607.7706,-1.302446041
108.4599915,848634.625,8.520637512,-2.000000198,1.856404066,167981.5625,759167.6763,-1.307676541
108.4699936,850948.4375,8.521722794,-2.000000198,1.856097937,168444.2344,767400.7585,-1.314360668
108.4799957,845594.3125,8.521318436,-2.000000198,1.855618238,168950.9063,775890.5854,-1.322233733
108.4899902,848032.4375,8.520403862,-2.000000198,1.854959488,169467.7344,784322.6723,-1.331454911
108.4999924,842810.5,8.517968178,-2.000000198,1.854193091,169989.1406,792805.5726,-1.341708714
108.5099945,845380.0625,8.513609886,-2.000000198,1.853419662,170573,801238.5783,-1.352648587
108.5199966,840279.1875,8.507966995,-2.000000198,1.852764606,171106.2656,809427.6981,-1.363783408
108.5299911,842950.5625,8.501519203,-2.000000198,1.852304935,171648.125,817470.6024,-1.37522183
108.5399933,837924.9375,8.494356155,-2.000000198,1.852072239,172158.7656,825255.2824,-1.386932304
108.5499954,840639.6875,8.486441612,-2.000000198,1.852033496,172590.4844,832592.3927,-1.398681664
108.5599899,835624.75,8.478392601,-2.000000198,1.852104187,172979.7656,839557.9699,-1.410372186
108.5699921,838317.5,8.470859528,-2.000000198,1.852210164,173244.2344,846028.8706,-1.421983462
108.5799942,833252.25,8.463132858,-2.000000198,1.852289796,173449.5625,851962.0802,-1.43328965
108.5899963,835868.5,8.456192017,-2.000000198,1.85232842,173635.5469,857434.3914,-1.444237282
108.5999908,830707.875,8.450079918,-2.000000198,1.852373242,173775.2344,862269.3493,-1.454800129
108.609993,833211.4375,8.444022179,-2.000000198,1.852523088,173851.3125,866487.372,-1.465381453
108.6199951,827929.1875,8.438536644,-2.000000198,1.852843165,173763.4219,870172.4922,-1.476147843
108.6299896,830305.375,8.433862686,-2.000000198,1.853346229,173671.6563,873371.5498,-1.486456303
108.6399918,824900.0625,8.430656433,-2.000000198,1.853973985,173544.2344,875684.3671,-1.496269485
108.6499939,827163.8125,8.42790699,-2.000000198,1.854665756,173435.125,877428.8769,-1.505475807
108.659996,821668.6875,8.42617321,-2.000000198,1.85531354,173329.4688,878688.2315,-1.514041606
108.6699905,823872,8.425893784,-2.000000198,1.85583961,173258.8906,879144.5741,-1.522235561
108.6799927,818356.5,8.425995827,-2.000000198,1.856187224,173186.25,878998.7463,-1.530089439
108.6899948,820583.1875,8.426398277,-2.000000198,1.856369257,173097.1875,878311.23,-1.537689711
108.6999893,815139.9375,8.426950455,-2.000000198,1.856438398,173001.2813,877108.8486,-1.545027594
108.7099915,817487.625,8.428436279,-2.000000198,1.856475711,172879.6875,875835.0998,-1.552556983
108.7199936,812212.125,8.429502487,-2.000000198,1.856508374,172895.7188,873566.4417,-1.560140465
108.7299957,814772.3125,8.430451393,-2.000000198,1.856527328,173017.6094,870400.3563,-1.567941835
108.7399902,809748.625,8.431544304,-2.000000198,1.856496572,173301,866622.9949,-1.575466903
108.7499924,812595.6875,8.432571411,-2.000000198,1.856356978,173659.9531,862495.8527,-1.583099259
108.7599945,807885.625,8.432207108,-2.000000198,1.856061459,174047.9844,858069.6906,-1.591393535
108.7699966,811068.1875,8.431828499,-2.000000198,1.855589509,174386.8438,853259.2381,-1.600238366
108.7799911,806702.8125,8.431071281,-2.000000198,1.854970694,174703.875,848151.5273,-1.610001404
108.7899933,810231.6875,8.428588867,-2.000000198,1.854273558,174949.6875,842834.6259,-1.62097581
108.7999954,806198.6875,8.425045967,-2.000000198,1.85359025,175111.2656,837275.7487,-1.633397599
108.8099899,810037.125,8.421217918,-2.000000198,1.853004575,175053.2969,831519.0047,-1.647208585
108.8199921,806276.0625,8.41787529,-2.000000198,1.85255599,174936.2656,825448.6313,-1.6628057
108.8299942,810342.375,8.413209915,-2.000000198,1.85224402,174701.7656,819056.9365,-1.679845478
108.8399963,806754.5625,8.407540321,-2.000000198,1.852043033,174381.5469,812299.4773,-1.698275809
108.8499908,810938.5,8.402807236,-2.000000198,1.851899743,173927.7344,805148.6598,-1.717958649
108.859993,807407.25,8.398272514,-2.000000198,1.85177958,173352.1563,797515.7729,-1.73823594
108.8699951,811589.125,8.393453598,-2.000000198,1.851670504,172614.7813,790218.3095,-1.759169104
108.8799896,807996.5,8.388586998,-2.000000198,1.851611853,171756.2344,782831.7096,-1.779979032
108.8899918,812062.125,8.384513855,-2.000000198,1.851670146,170772.0156,775224.9095,-1.800473991
108.8999939,808302.4375,8.380745888,-2.000000198,1.851895809,169684.125,767414.0775,-1.820741313
108.909996,812155.75,8.377128601,-2.000000198,1.852318525,168546.0938,759410.1227,-1.840498159
108.9199905,808148.75,8.374897003,-2.000000198,1.852912784,167274.7969,750931.7379,-1.859036066
108.9299927,811728.5625,8.373161316,-2.000000198,1.85359931,165951.5,742115.3631,-1.876133473
108.9399948,807436.4375,8.371009827,-2.000000198,1.854288697,164550.9063,732774.7962,-1.891407391
108.9499893,810730.3125,8.369747162,-2.000000198,1.854893088,163088.3594,722952.5764,-1.904787958
108.9599915,806166.8125,8.370030403,-2.000000198,1.855355382,161631.8438,712549.1138,-1.915878297
108.9699936,809213,8.370029449,-2.000000198,1.855673552,160158.3438,701557.5725,-1.923993336
108.9799957,804436.4375,8.370096207,-2.000000198,1.855895996,158735.1719,690204.2451,-1.929442947
108.9899902,807308.75,8.369610786,-2.000000198,1.856090426,157485.0781,678963.916,-1.93216579
108.9999924,802404.625,8.369120598,-2.000000198,1.856312394,156301.875,668199.6378,-1.932416575
109.0099945,805196.25,8.368867874,-2.000000198,1.856567264,155129.9063,658764.1556,-1.930121394
109.0199966,800262.1875,8.368251801,-2.000000198,1.856793523,154179.4531,649054.2451,-1.925924388
109.0299911,803074.25,8.367637634,-2.000000198,1.856888652,153401.9219,639591.9835,-1.9197505
109.0399933,798211.25,8.367115974,-2.000000198,1.85676837,152845.75,630205.1137,-1.911625426
109.0499954,801141.0625,8.367192268,-2.000000198,1.85639143,152531.7656,621242.944,-1.901660846
109.0599899,796437.3125,8.367923737,-2.000000198,1.855790019,152431.8281,612299.3892,-1.8900301
109.0699921,799560,8.369487762,-2.000000198,1.855042338,152481.25,603382.1121,-1.877430201
109.0799942,795070.1875,8.371086121,-2.000000198,1.854260325,152674.875,594546.431,-1.863760639
109.0899963,798417.0625,8.373317719,-2.000000198,1.853539824,153017.0781,585626.1697,-1.849267055
109.0999908,794147,8.376381874,-2.000000198,1.852933407,153605.0938,576645.3179,-1.834783782
109.109993,797698.0625,8.380349159,-2.000000198,1.852437377,154297.4375,567837.9746,-1.820547814
109.1199951,793605.625,8.385852814,-2.000000198,1.851996422,155043.2188,559131.5394,-1.805428497
109.1299896,797300.3125,8.391336441,-2.000000198,1.851534247,155820.4063,550253.3136,-1.789267535
109.1399918,793309.625,8.397179604,-2.000000198,1.851003647,156618.2188,541063.9938,-1.77232528
109.1499939,797059.0625,8.403933525,-2.000000198,1.850419641,157472.2656,531373.9509,-1.754220778
109.159996,793071.6875,8.410919189,-2.000000198,1.849850178,158441.4688,520870.7073,-1.733995308
109.1699905,796768.5,8.417189598,-2.000000198,1.849411607,159427.625,510803.9012,-1.712189423
109.1799927,792671.5625,8.422854424,-2.000000198,1.849208951,160335.1719,501340.0221,-1.688681752
109.1899948,796200.375,8.427866936,-2.000000198,1.849298835,161203.5781,492294.9091,-1.662992555
109.1999893,791883.4375,8.431482315,-2.000000198,1.849666357,161949.0469,484225.2089,-1.635344013
109.2099915,795144.3125,8.433851242,-2.000000198,1.850227237,162538.2969,477091.3198,-1.605879159
109.2199936,790526.4375,8.434983253,-2.000000198,1.850861311,163008.5313,471580.0479,-1.574469765
109.2299957,793462.3125,8.43520546,-2.000000198,1.851454616,163337.5,467545.2268,-1.541885202
109.2399902,788514.25,8.435172081,-2.000000198,1.85194087,163572.0938,465218.3116,-1.508338987
109.2499924,791123.75,8.433825493,-2.000000198,1.852326274,163757.8594,464878.3197,-1.473952013
109.2599945,785871.25,8.431725502,-2.000000198,1.852665067,164036.3281,466989.7416,-1.439676184
109.2699966,788203,8.429280281,-2.000000198,1.853034616,164122.4844,470642.1614,-1.404851336
109.2799911,782715.125,8.425463676,-2.000000198,1.853488445,164113.3281,476134.169,-1.370589643
109.2899933,784855.875,8.421514511,-2.000000198,1.85402441,164031.9531,483572.4812,-1.33748532
109.2999954,779235.125,8.416806221,-2.000000198,1.854573369,163878,492910.6623,-1.306107429
109.3099899,781301.9375,8.410800934,-2.000000198,1.855023146,163662.1094,504267.3368,-1.277209886
109.3199921,775676.375,8.404716492,-2.000000198,1.855263948,163412.2031,517341.652,-1.250430305
109.3299942,777807.1875,8.399035454,-2.000000198,1.855222464,163173.5938,531954.9269,-1.226174178
109.3399963,772316,8.393630028,-2.000000198,1.854891896,162959.625,547950.0208,-1.204675896
109.3499908,774645.6875,8.388115883,-2.000000198,1.854337692,162819.4844,565105.9663,-1.186400924
109.359993,769410.625,8.381875992,-2.000000198,1.853668451,162827.0313,583159.5187,-1.170588475
109.3699951,772042.125,8.376070023,-2.000000198,1.853008389,162871.9063,601608.8842,-1.157295267
109.3799896,767140.6875,8.370131493,-2.000000198,1.852434993,162884.1563,620834.6152,-1.146216207
109.3899918,770125.5,8.364213943,-2.000000198,1.851947665,162875.6406,640330.6684,-1.137615027
109.3999939,765581.3125,8.358697891,-2.000000198,1.851495385,162893.1875,659553.4554,-1.131469342
109.409996,768918.5,8.353866577,-2.000000198,1.851003647,162875.7031,678791.1141,-1.126334585
109.4199905,764707.5625,8.35028553,-2.000000198,1.850414157,163033.1094,696557.6934,-1.124892418
109.4299927,768351.4375,8.348805428,-2.000000198,1.849717736,163329.3594,713216.696,-1.125843755
109.4399948,764407.6875,8.347754478,-2.000000198,1.848983884,163752.5938,728704.4274,-1.128606049
109.4499893,768271.75,8.347723007,-2.000000198,1.848342776,164283.6875,742950.3331,-1.132620374
109.4599915,764490.5,8.348399162,-2.000000198,1.847911716,164863.625,755790.656,-1.137796834
109.4699936,768454.375,8.349849701,-2.000000198,1.847791314,165517.3281,767678.9255,-1.143794518
109.4799957,764705.9375,8.350834846,-2.000000198,1.847994208,166194.1094,778848.2515,-1.150254462
109.4899902,768637.875,8.352708817,-2.000000198,1.848463058,166893.1406,789479.6211,-1.156989405
109.4999924,764797.5,8.356098175,-2.000000198,1.849087715,167652.125,799760.7252,-1.163874681
109.5099945,768586.875,8.360100746,-2.000000198,1.84975338,168422.5625,809239.1607,-1.170638833
109.5199966,764565.9375,8.365352631,-2.000000198,1.850368023,169268.1094,818471.0849,-1.177857656
109.5299911,768148.375,8.372310638,-2.000000198,1.850910664,170149.5156,827590.5103,-1.185165589
109.5399933,763908.5,8.37881279,-2.000000198,1.851420045,171084.3594,836342.7323,-1.192550062
109.5499954,767270.25,8.385714531,-2.000000198,1.851962328,172065.1563,844976.5838,-1.19999255
109.5599899,762820.625,8.392957687,-2.000000198,1.852638841,173075.2031,853448.3858,-1.208119404
109.5699921,765993.3125,8.400280952,-2.000000198,1.853417993,174103.1875,862091.3845,-1.216710603
109.5799942,761386.9375,8.406599998,-2.000000198,1.85430038,175047.5938,870347.2594,-1.225701674
109.5899963,764444.5625,8.41206646,-2.000000198,1.855160236,175874.9063,877929.402,-1.235128403
109.5999908,759776,8.417606354,-2.000000198,1.855895519,176538.4844,884705.5051,-1.244969679
109.609993,762831.4375,8.422216415,-2.000000198,1.856400251,177102.2969,890862.3032,-1.255731792
109.6199951,758227.25,8.424300194,-2.000000198,1.856617808,177526.7969,895905.3329,-1.266117341
109.6299896,761415.4375,8.425114632,-2.000000198,1.856539965,177793.0938,899675.778,-1.276712855
109.6399918,757008.9375,8.424564362,-2.000000198,1.856224179,177949.6563,902316.752,-1.287709011
109.6499939,760456.0625,8.422552109,-2.000000198,1.855785728,177996.9375,903986.4993,-1.29893371
109.659996,756355.625,8.420223236,-2.000000198,1.855338693,177957.3281,904520.2563,-1.310378916
109.6699905,760148.8125,8.417803764,-2.000000198,1.854959607,177819.5625,904191.252,-1.322022826
109.6799927,756415.625,8.414690018,-2.000000198,1.854647875,177578.5781,903105.1392,-1.333812099
109.6899948,760590.1875,8.41069603,-2.000000198,1.854354978,177262.3594,901368.755,-1.345800385
109.6999893,757234.6875,8.406715393,-2.000000198,1.854018688,176869.6094,899182.1708,-1.357954916
109.7099915,761777.875,8.402886391,-2.000000198,1.853582501,176488,896467.1865,-1.369659174
109.7199936,758763.9375,8.398738861,-2.000000198,1.853052735,176073.7656,893488.5082,-1.381193103
109.7299957,763617.875,8.394533157,-2.000000198,1.852476001,175687.8906,890185.8869,-1.392173086
109.7399902,760866.625,8.391216278,-2.000000198,1.851951599,175453.6406,886863.7978,-1.402573415
109.7499924,765931.0625,8.387540817,-2.000000198,1.851592064,175296.1406,883424.7014,-1.412879445
109.7599945,763325.5625,8.383987427,-2.000000198,1.851450562,175072.9844,879329.4798,-1.422301779
109.7699966,768470.1875,8.380417824,-2.000000198,1.851556659,174908.2344,874955.8625,-1.43337193
109.7799911,765874,8.376711845,-2.000000198,1.851899266,174773.0313,870501.654,-1.444936208
109.7899933,770962.9375,8.371056557,-2.000000198,1.852404714,174690.1406,866101.8517,-1.456779954
109.7999954,768249.375,8.365065575,-2.000000198,1.852993131,174644.125,861133.7049,-1.468885161
109.8099899,773170.4375,8.361050606,-2.000000198,1.853592873,174542.8125,856467.7107,-1.481381187
109.8199921,770248,8.356776237,-2.000000198,1.854174376,174529.4063,851169.5432,-1.493931903
109.8299942,774931.25,8.352303505,-2.000000198,1.85471499,174586.7188,845773.7269,-1.506502282
109.8399963,771753.375,8.349397659,-2.000000198,1.855264664,174696.9844,839920.5921,-1.519058965
109.8499908,776174.75,8.347104073,-2.000000198,1.855912566,174816.4531,833558.3923,-1.531482042
109.859993,772740.1875,8.344346046,-2.000000198,1.856630921,174918.7656,827334.3895,-1.544621829
109.8699951,776920.5,8.342269897,-2.000000198,1.857419372,175079.1563,820423.9713,-1.557424554
109.8799896,773272,8.340226173,-2.000000198,1.858163476,175211.6875,813712.0511,-1.569805867
109.8899918,777274.6875,8.337761879,-2.000000198,1.858806849,175305.1719,807028.2674,-1.581992477
109.8999939,773494.875,8.335252762,-2.000000198,1.85929358,175338.0313,800240.7018,-1.593809266
109.909996,777418.25,8.333380699,-2.000000198,1.859549522,175277.1406,793722.9123,-1.605538781
109.9199905,773615.5625,8.332489014,-2.000000198,1.859542608,175043.75,787548.2112,-1.617403425
109.9299927,777572.3125,8.330517769,-2.000000198,1.85932827,174748.5625,781716.0349,-1.629177403
109.9399948,773855.625,8.329052925,-2.000000198,1.858977675,174340.2031,776105.936,-1.640816786
109.9499893,777945.1875,8.328593254,-2.000000198,1.858570099,173842.3438,770651.6912,-1.652299079
109.9599915,774397.4375,8.32720089,-2.000000198,1.85818851,173203.9219,765182.4013,-1.663749119
109.9699936,778684.125,8.324930191,-2.000000198,1.857834458,172597.0781,759795.0664,-1.674596529
109.9799957,775348.75,8.323543549,-2.000000198,1.857483268,171924.9375,754400.7492,-1.685181356
109.9899902,779855.6875,8.321519852,-2.000000198,1.857076526,171204.3438,749314.7086,-1.695557991
